belief_lo,belief_hi,mean_belief,n,frac_truly_known,ci95,gap
0.0,0.1,,0,,0.0,
0.1,0.2,,0,,0.0,
0.2,0.3,0.23470505529936253,2131,0.2332238385734397,0.017954987919105835,-0.0014812167259228293
0.3,0.4,0.34105555784118424,394,0.3883248730964467,0.048124471740128676,0.047269315255262456
0.4,0.5,0.42316663952013933,70,0.42857142857142855,0.11593101396951551,0.005404789051289216
0.5,0.6,0.5293060620009008,452,0.5221238938053098,0.0460501761936138,-0.007182168195591032
0.6,0.7,0.6215160192574193,928,0.625,0.031148542197580977,0.0034839807425807168
0.7,0.8,0.7316613459363257,233,0.7467811158798283,0.05583709555693394,0.015119769943502614
0.8,0.9,0.8645894785729981,942,0.8630573248407644,0.021954312672184225,-0.0015321537322336987
0.9,1.0,0.9912895287779343,6850,0.9913868613138687,0.002188331365504484,9.733253593435798e-05
