student,scheduler,sched_key,step,mean_known,ci95,frac_all_known,n_concepts,n_learners
S1,Q1,uniform_unmastered,0,1.2925,0.10462587734650694,0.0,8,400
S1,Q1,uniform_unmastered,1,1.4475,0.10936365941207345,0.0,8,400
S1,Q1,uniform_unmastered,2,1.625,0.11206522223726556,0.0,8,400
S1,Q1,uniform_unmastered,3,1.765,0.11442031778843746,0.0,8,400
S1,Q1,uniform_unmastered,4,1.8975,0.11782876141903495,0.0,8,400
S1,Q1,uniform_unmastered,5,2.06,0.1206311123349109,0.0,8,400
S1,Q1,uniform_unmastered,6,2.2225,0.12208272791898267,0.0,8,400
S1,Q1,uniform_unmastered,7,2.4,0.12077469236470642,0.0,8,400
S1,Q1,uniform_unmastered,8,2.535,0.12270344509669032,0.0,8,400
S1,Q1,uniform_unmastered,9,2.67,0.1214147365257366,0.0,8,400
S1,Q1,uniform_unmastered,10,2.83,0.1257005408298321,0.0,8,400
S1,Q1,uniform_unmastered,11,2.9675,0.1274252673998757,0.0,8,400
S1,Q1,uniform_unmastered,12,3.105,0.12958052972653927,0.0,8,400
S1,Q1,uniform_unmastered,13,3.21,0.12890727797835727,0.0,8,400
S1,Q1,uniform_unmastered,14,3.3625,0.12703365005231498,0.0,8,400
S1,Q1,uniform_unmastered,15,3.4825,0.12997813108905476,0.0,8,400
S1,Q1,uniform_unmastered,16,3.61,0.13028171365268687,0.0,8,400
S1,Q1,uniform_unmastered,17,3.7275,0.13176402152492558,0.0,8,400
S1,Q1,uniform_unmastered,18,3.8625,0.13377096490880067,0.0,8,400
S1,Q1,uniform_unmastered,19,4.0,0.13596284322138202,0.0025,8,400
S1,Q1,uniform_unmastered,20,4.085,0.13781878007133452,0.0025,8,400
S1,Q1,uniform_unmastered,21,4.1825,0.1359342933378592,0.0025,8,400
S1,Q1,uniform_unmastered,22,4.2975,0.13663369970375844,0.0025,8,400
S1,Q1,uniform_unmastered,23,4.4075,0.13812124917507881,0.005,8,400
S1,Q1,uniform_unmastered,24,4.5325,0.1357482402716223,0.005,8,400
S1,Q1,uniform_unmastered,25,4.62,0.13633764073322435,0.005,8,400
S1,Q1,uniform_unmastered,26,4.735,0.1327298086537578,0.0075,8,400
S1,Q1,uniform_unmastered,27,4.86,0.13293366766925524,0.0125,8,400
S1,Q1,uniform_unmastered,28,4.96,0.13286122030016556,0.0175,8,400
S1,Q1,uniform_unmastered,29,5.07,0.13543425154379546,0.0225,8,400
S1,Q1,uniform_unmastered,30,5.1775,0.13652795934976297,0.0275,8,400
S1,Q1,uniform_unmastered,31,5.2825,0.1360581873717168,0.0325,8,400
S1,Q1,uniform_unmastered,32,5.3925,0.1353753670355135,0.04,8,400
S1,Q1,uniform_unmastered,33,5.49,0.13489288277949066,0.0425,8,400
S1,Q1,uniform_unmastered,34,5.5975,0.13239275500928052,0.0525,8,400
S1,Q1,uniform_unmastered,35,5.7,0.1323748001671702,0.0675,8,400
S1,Q1,uniform_unmastered,36,5.795,0.13284582014434837,0.0775,8,400
S1,Q1,uniform_unmastered,37,5.89,0.13338557222275946,0.0975,8,400
S1,Q1,uniform_unmastered,38,5.965,0.1334171482178977,0.11,8,400
S1,Q1,uniform_unmastered,39,6.07,0.13400490171710333,0.135,8,400
S1,Q1,uniform_unmastered,40,6.1525,0.13575887874424544,0.1575,8,400
S1,Q1,uniform_unmastered,41,6.24,0.13480363366438905,0.19,8,400
S1,Q1,uniform_unmastered,42,6.355,0.1310581416441881,0.2225,8,400
S1,Q1,uniform_unmastered,43,6.435,0.12908920620212497,0.2425,8,400
S1,Q1,uniform_unmastered,44,6.515,0.12830367759425496,0.2725,8,400
S1,Q1,uniform_unmastered,45,6.5925,0.12533018356437806,0.29,8,400
S1,Q1,uniform_unmastered,46,6.685,0.12199520554283513,0.3175,8,400
S1,Q1,uniform_unmastered,47,6.765,0.11916055216799919,0.33,8,400
S1,Q1,uniform_unmastered,48,6.8475,0.11523652031380975,0.355,8,400
S1,Q1,uniform_unmastered,49,6.9225,0.11343657088450394,0.39,8,400
S1,Q1,uniform_unmastered,50,7.005,0.11014139875314026,0.4325,8,400
S1,Q1,uniform_unmastered,51,7.0725,0.10668985795038666,0.4525,8,400
S1,Q1,uniform_unmastered,52,7.1075,0.10503916813315528,0.4675,8,400
S1,Q1,uniform_unmastered,53,7.1725,0.101391872230401,0.4925,8,400
S1,Q1,uniform_unmastered,54,7.215,0.10096514249977565,0.525,8,400
S1,Q1,uniform_unmastered,55,7.2925,0.0969849626615185,0.5575,8,400
S1,Q1,uniform_unmastered,56,7.34,0.09357225559717933,0.5775,8,400
S1,Q1,uniform_unmastered,57,7.385,0.08840716411392613,0.6025,8,400
S1,Q1,uniform_unmastered,58,7.41,0.085648272992902,0.61,8,400
S1,Q1,uniform_unmastered,59,7.4275,0.0843937482094622,0.6175,8,400
S1,Q1,uniform_unmastered,60,7.46,0.08052044744125773,0.625,8,400
S1,Q1,uniform_unmastered,61,7.5025,0.07757244152539307,0.6425,8,400
S1,Q1,uniform_unmastered,62,7.5325,0.07303019442837061,0.6525,8,400
S1,Q1,uniform_unmastered,63,7.5575,0.07087244905524091,0.665,8,400
S1,Q1,uniform_unmastered,64,7.58,0.06928604325168009,0.68,8,400
S1,Q1,uniform_unmastered,65,7.62,0.06550013794012528,0.7025,8,400
S1,Q1,uniform_unmastered,66,7.6425,0.06469360037766148,0.7225,8,400
S1,Q1,uniform_unmastered,67,7.6775,0.05996685780568896,0.7425,8,400
S1,Q1,uniform_unmastered,68,7.695,0.056959801152816715,0.75,8,400
S1,Q1,uniform_unmastered,69,7.7175,0.05398478180623375,0.7625,8,400
S1,Q1,uniform_unmastered,70,7.74,0.05214371503396992,0.78,8,400
S1,Q1,uniform_unmastered,71,7.7625,0.049655700543756585,0.795,8,400
S1,Q1,uniform_unmastered,72,7.7775,0.048864109815591396,0.81,8,400
S1,Q1,uniform_unmastered,73,7.795,0.04633377760736136,0.8225,8,400
S1,Q1,uniform_unmastered,74,7.8075,0.045012966942676154,0.8325,8,400
S1,Q1,uniform_unmastered,75,7.815,0.044510854185814915,0.84,8,400
S1,Q1,uniform_unmastered,76,7.8225,0.04399070276574996,0.8475,8,400
S1,Q1,uniform_unmastered,77,7.83,0.04289433774434938,0.8525,8,400
S1,Q1,uniform_unmastered,78,7.8375,0.04117575721776274,0.855,8,400
S1,Q1,uniform_unmastered,79,7.8525,0.03809686868377468,0.865,8,400
S1,Q1,uniform_unmastered,80,7.8575,0.037645607371723525,0.87,8,400
S1,Q1,uniform_unmastered,81,7.875,0.03529350618665377,0.885,8,400
S1,Q1,uniform_unmastered,82,7.88,0.034774784169496836,0.89,8,400
S1,Q1,uniform_unmastered,83,7.885,0.03353084989583237,0.8925,8,400
S1,Q1,uniform_unmastered,84,7.885,0.03353084989583237,0.8925,8,400
S1,Q1,uniform_unmastered,85,7.8925,0.03268293454581941,0.9,8,400
S1,Q1,uniform_unmastered,86,7.9075,0.029263572349709232,0.91,8,400
S1,Q1,uniform_unmastered,87,7.9225,0.026236364879785902,0.9225,8,400
S1,Q1,uniform_unmastered,88,7.925,0.025844677758119806,0.925,8,400
S1,Q1,uniform_unmastered,89,7.93,0.0250357218474134,0.93,8,400
S1,Q1,uniform_unmastered,90,7.93,0.0250357218474134,0.93,8,400
S1,Q1,uniform_unmastered,91,7.935,0.024189790509888273,0.935,8,400
S1,Q1,uniform_unmastered,92,7.9425,0.02284253112223283,0.9425,8,400
S1,Q1,uniform_unmastered,93,7.945,0.022370045761428856,0.945,8,400
S1,Q1,uniform_unmastered,94,7.9475,0.021884613676952894,0.9475,8,400
S1,Q1,uniform_unmastered,95,7.95,0.021385353243127254,0.95,8,400
S1,Q1,uniform_unmastered,96,7.955,0.02034124666261814,0.955,8,400
S1,Q1,uniform_unmastered,97,7.9575,0.019793996077137995,0.9575,8,400
S1,Q1,uniform_unmastered,98,7.9575,0.019793996077137995,0.9575,8,400
S1,Q1,uniform_unmastered,99,7.9625,0.018641704801190713,0.9625,8,400
S1,Q1,uniform_unmastered,100,7.965,0.01803297175108525,0.965,8,400
S1,Q1,uniform_unmastered,101,7.965,0.01803297175108525,0.965,8,400
S1,Q1,uniform_unmastered,102,7.965,0.01803297175108525,0.965,8,400
S1,Q1,uniform_unmastered,103,7.97,0.01673848386519111,0.97,8,400
S1,Q1,uniform_unmastered,104,7.97,0.01673848386519111,0.97,8,400
S1,Q1,uniform_unmastered,105,7.9725,0.016046516810647286,0.9725,8,400
S1,Q1,uniform_unmastered,106,7.9725,0.016046516810647286,0.9725,8,400
S1,Q1,uniform_unmastered,107,7.975,0.015319406337267635,0.975,8,400
S1,Q1,uniform_unmastered,108,7.9775,0.014551885390596389,0.9775,8,400
S1,Q1,uniform_unmastered,109,7.9775,0.014551885390596389,0.9775,8,400
S1,Q1,uniform_unmastered,110,7.98,0.013737182223389063,0.98,8,400
S1,Q1,uniform_unmastered,111,7.98,0.013737182223389063,0.98,8,400
S1,Q1,uniform_unmastered,112,7.98,0.013737182223389063,0.98,8,400
S1,Q1,uniform_unmastered,113,7.9825,0.01286633714694852,0.9825,8,400
S1,Q1,uniform_unmastered,114,7.9825,0.01286633714694852,0.9825,8,400
S1,Q1,uniform_unmastered,115,7.9875,0.010901673781033358,0.9875,8,400
S1,Q1,uniform_unmastered,116,7.9875,0.010901673781033358,0.9875,8,400
S1,Q1,uniform_unmastered,117,7.99,0.009763088381083217,0.99,8,400
S1,Q1,uniform_unmastered,118,7.99,0.009763088381083217,0.99,8,400
S1,Q1,uniform_unmastered,119,7.99,0.009763088381083217,0.99,8,400
S1,Q1,uniform_unmastered,120,7.99,0.009763088381083217,0.99,8,400
S1,Q1,uniform_unmastered,121,7.99,0.009763088381083217,0.99,8,400
S1,Q1,uniform_unmastered,122,7.995,0.006920957240353897,0.995,8,400
S1,Q1,uniform_unmastered,123,7.995,0.006920957240353897,0.995,8,400
S1,Q1,uniform_unmastered,124,7.995,0.006920957240353897,0.995,8,400
S1,Q1,uniform_unmastered,125,7.9975,0.0049,0.9975,8,400
S1,Q1,uniform_unmastered,126,7.9975,0.0049,0.9975,8,400
S1,Q1,uniform_unmastered,127,7.9975,0.0049,0.9975,8,400
S1,Q1,uniform_unmastered,128,7.9975,0.0049,0.9975,8,400
S1,Q1,uniform_unmastered,129,7.9975,0.0049,0.9975,8,400
S1,Q1,uniform_unmastered,130,8.0,0.0,1.0,8,400
S1,Q1,uniform_unmastered,131,8.0,0.0,1.0,8,400
S1,Q1,uniform_unmastered,132,8.0,0.0,1.0,8,400
S1,Q1,uniform_unmastered,133,8.0,0.0,1.0,8,400
S1,Q1,uniform_unmastered,134,8.0,0.0,1.0,8,400
S1,Q1,uniform_unmastered,135,8.0,0.0,1.0,8,400
S1,Q1,uniform_unmastered,136,8.0,0.0,1.0,8,400
S1,Q1,uniform_unmastered,137,8.0,0.0,1.0,8,400
S1,Q1,uniform_unmastered,138,8.0,0.0,1.0,8,400
S1,Q1,uniform_unmastered,139,8.0,0.0,1.0,8,400
S1,Q1,uniform_unmastered,140,8.0,0.0,1.0,8,400
S1,Q1,uniform_unmastered,141,8.0,0.0,1.0,8,400
S1,Q1,uniform_unmastered,142,8.0,0.0,1.0,8,400
S1,Q1,uniform_unmastered,143,8.0,0.0,1.0,8,400
S1,Q1,uniform_unmastered,144,8.0,0.0,1.0,8,400
S1,Q1,uniform_unmastered,145,8.0,0.0,1.0,8,400
S1,Q1,uniform_unmastered,146,8.0,0.0,1.0,8,400
S1,Q1,uniform_unmastered,147,8.0,0.0,1.0,8,400
S1,Q1,uniform_unmastered,148,8.0,0.0,1.0,8,400
S1,Q1,uniform_unmastered,149,8.0,0.0,1.0,8,400
S1,Q1,uniform_unmastered,150,8.0,0.0,1.0,8,400
S1,Q1,uniform_unmastered,151,8.0,0.0,1.0,8,400
S1,Q1,uniform_unmastered,152,8.0,0.0,1.0,8,400
S1,Q1,uniform_unmastered,153,8.0,0.0,1.0,8,400
S1,Q1,uniform_unmastered,154,8.0,0.0,1.0,8,400
S1,Q1,uniform_unmastered,155,8.0,0.0,1.0,8,400
S1,Q1,uniform_unmastered,156,8.0,0.0,1.0,8,400
S1,Q1,uniform_unmastered,157,8.0,0.0,1.0,8,400
S1,Q1,uniform_unmastered,158,8.0,0.0,1.0,8,400
S1,Q1,uniform_unmastered,159,8.0,0.0,1.0,8,400
S1,Q1,uniform_unmastered,160,8.0,0.0,1.0,8,400
S1,Q1,uniform_unmastered,161,8.0,0.0,1.0,8,400
S1,Q1,uniform_unmastered,162,8.0,0.0,1.0,8,400
S1,Q1,uniform_unmastered,163,8.0,0.0,1.0,8,400
S1,Q1,uniform_unmastered,164,8.0,0.0,1.0,8,400
S1,Q1,uniform_unmastered,165,8.0,0.0,1.0,8,400
S1,Q1,uniform_unmastered,166,8.0,0.0,1.0,8,400
S1,Q1,uniform_unmastered,167,8.0,0.0,1.0,8,400
S1,Q1,uniform_unmastered,168,8.0,0.0,1.0,8,400
S1,Q1,uniform_unmastered,169,8.0,0.0,1.0,8,400
S1,Q1,uniform_unmastered,170,8.0,0.0,1.0,8,400
S1,Q1,uniform_unmastered,171,8.0,0.0,1.0,8,400
S1,Q1,uniform_unmastered,172,8.0,0.0,1.0,8,400
S1,Q1,uniform_unmastered,173,8.0,0.0,1.0,8,400
S1,Q1,uniform_unmastered,174,8.0,0.0,1.0,8,400
S1,Q1,uniform_unmastered,175,8.0,0.0,1.0,8,400
S1,Q1,uniform_unmastered,176,8.0,0.0,1.0,8,400
S1,Q1,uniform_unmastered,177,8.0,0.0,1.0,8,400
S1,Q1,uniform_unmastered,178,8.0,0.0,1.0,8,400
S1,Q1,uniform_unmastered,179,8.0,0.0,1.0,8,400
S1,Q1,uniform_unmastered,180,8.0,0.0,1.0,8,400
S1,Q1,uniform_unmastered,181,8.0,0.0,1.0,8,400
S1,Q1,uniform_unmastered,182,8.0,0.0,1.0,8,400
S1,Q1,uniform_unmastered,183,8.0,0.0,1.0,8,400
S1,Q1,uniform_unmastered,184,8.0,0.0,1.0,8,400
S1,Q1,uniform_unmastered,185,8.0,0.0,1.0,8,400
S1,Q1,uniform_unmastered,186,8.0,0.0,1.0,8,400
S1,Q1,uniform_unmastered,187,8.0,0.0,1.0,8,400
S1,Q1,uniform_unmastered,188,8.0,0.0,1.0,8,400
S1,Q1,uniform_unmastered,189,8.0,0.0,1.0,8,400
S1,Q1,uniform_unmastered,190,8.0,0.0,1.0,8,400
S1,Q1,uniform_unmastered,191,8.0,0.0,1.0,8,400
S1,Q1,uniform_unmastered,192,8.0,0.0,1.0,8,400
S1,Q1,uniform_unmastered,193,8.0,0.0,1.0,8,400
S1,Q1,uniform_unmastered,194,8.0,0.0,1.0,8,400
S1,Q1,uniform_unmastered,195,8.0,0.0,1.0,8,400
S1,Q1,uniform_unmastered,196,8.0,0.0,1.0,8,400
S1,Q1,uniform_unmastered,197,8.0,0.0,1.0,8,400
S1,Q1,uniform_unmastered,198,8.0,0.0,1.0,8,400
S1,Q1,uniform_unmastered,199,8.0,0.0,1.0,8,400
S1,Q1,uniform_unmastered,200,8.0,0.0,1.0,8,400
S1,Q1,uniform_unmastered,201,8.0,0.0,1.0,8,400
S1,Q1,uniform_unmastered,202,8.0,0.0,1.0,8,400
S1,Q1,uniform_unmastered,203,8.0,0.0,1.0,8,400
S1,Q1,uniform_unmastered,204,8.0,0.0,1.0,8,400
S1,Q1,uniform_unmastered,205,8.0,0.0,1.0,8,400
S1,Q1,uniform_unmastered,206,8.0,0.0,1.0,8,400
S1,Q1,uniform_unmastered,207,8.0,0.0,1.0,8,400
S1,Q1,uniform_unmastered,208,8.0,0.0,1.0,8,400
S1,Q1,uniform_unmastered,209,8.0,0.0,1.0,8,400
S1,Q1,uniform_unmastered,210,8.0,0.0,1.0,8,400
S1,Q1,uniform_unmastered,211,8.0,0.0,1.0,8,400
S1,Q1,uniform_unmastered,212,8.0,0.0,1.0,8,400
S1,Q1,uniform_unmastered,213,8.0,0.0,1.0,8,400
S1,Q1,uniform_unmastered,214,8.0,0.0,1.0,8,400
S1,Q1,uniform_unmastered,215,8.0,0.0,1.0,8,400
S1,Q1,uniform_unmastered,216,8.0,0.0,1.0,8,400
S1,Q1,uniform_unmastered,217,8.0,0.0,1.0,8,400
S1,Q1,uniform_unmastered,218,8.0,0.0,1.0,8,400
S1,Q1,uniform_unmastered,219,8.0,0.0,1.0,8,400
S1,Q1,uniform_unmastered,220,8.0,0.0,1.0,8,400
S1,Q1,uniform_unmastered,221,8.0,0.0,1.0,8,400
S1,Q1,uniform_unmastered,222,8.0,0.0,1.0,8,400
S1,Q1,uniform_unmastered,223,8.0,0.0,1.0,8,400
S1,Q1,uniform_unmastered,224,8.0,0.0,1.0,8,400
S1,Q1,uniform_unmastered,225,8.0,0.0,1.0,8,400
S1,Q1,uniform_unmastered,226,8.0,0.0,1.0,8,400
S1,Q1,uniform_unmastered,227,8.0,0.0,1.0,8,400
S1,Q1,uniform_unmastered,228,8.0,0.0,1.0,8,400
S1,Q1,uniform_unmastered,229,8.0,0.0,1.0,8,400
S1,Q1,uniform_unmastered,230,8.0,0.0,1.0,8,400
S1,Q1,uniform_unmastered,231,8.0,0.0,1.0,8,400
S1,Q1,uniform_unmastered,232,8.0,0.0,1.0,8,400
S1,Q1,uniform_unmastered,233,8.0,0.0,1.0,8,400
S1,Q1,uniform_unmastered,234,8.0,0.0,1.0,8,400
S1,Q1,uniform_unmastered,235,8.0,0.0,1.0,8,400
S1,Q1,uniform_unmastered,236,8.0,0.0,1.0,8,400
S1,Q1,uniform_unmastered,237,8.0,0.0,1.0,8,400
S1,Q1,uniform_unmastered,238,8.0,0.0,1.0,8,400
S1,Q1,uniform_unmastered,239,8.0,0.0,1.0,8,400
S1,Q1,uniform_unmastered,240,8.0,0.0,1.0,8,400
S1,Q1,uniform_unmastered,241,8.0,0.0,1.0,8,400
S1,Q1,uniform_unmastered,242,8.0,0.0,1.0,8,400
S1,Q1,uniform_unmastered,243,8.0,0.0,1.0,8,400
S1,Q1,uniform_unmastered,244,8.0,0.0,1.0,8,400
S1,Q1,uniform_unmastered,245,8.0,0.0,1.0,8,400
S1,Q1,uniform_unmastered,246,8.0,0.0,1.0,8,400
S1,Q1,uniform_unmastered,247,8.0,0.0,1.0,8,400
S1,Q1,uniform_unmastered,248,8.0,0.0,1.0,8,400
S1,Q1,uniform_unmastered,249,8.0,0.0,1.0,8,400
S1,Q1,uniform_unmastered,250,8.0,0.0,1.0,8,400
S1,Q1,uniform_unmastered,251,8.0,0.0,1.0,8,400
S1,Q1,uniform_unmastered,252,8.0,0.0,1.0,8,400
S1,Q1,uniform_unmastered,253,8.0,0.0,1.0,8,400
S1,Q1,uniform_unmastered,254,8.0,0.0,1.0,8,400
S1,Q1,uniform_unmastered,255,8.0,0.0,1.0,8,400
S1,Q1,uniform_unmastered,256,8.0,0.0,1.0,8,400
S1,Q1,uniform_unmastered,257,8.0,0.0,1.0,8,400
S1,Q1,uniform_unmastered,258,8.0,0.0,1.0,8,400
S1,Q1,uniform_unmastered,259,8.0,0.0,1.0,8,400
S1,Q1,uniform_unmastered,260,8.0,0.0,1.0,8,400
S1,Q1,uniform_unmastered,261,8.0,0.0,1.0,8,400
S1,Q1,uniform_unmastered,262,8.0,0.0,1.0,8,400
S1,Q1,uniform_unmastered,263,8.0,0.0,1.0,8,400
S1,Q1,uniform_unmastered,264,8.0,0.0,1.0,8,400
S1,Q1,uniform_unmastered,265,8.0,0.0,1.0,8,400
S1,Q1,uniform_unmastered,266,8.0,0.0,1.0,8,400
S1,Q1,uniform_unmastered,267,8.0,0.0,1.0,8,400
S1,Q1,uniform_unmastered,268,8.0,0.0,1.0,8,400
S1,Q1,uniform_unmastered,269,8.0,0.0,1.0,8,400
S1,Q1,uniform_unmastered,270,8.0,0.0,1.0,8,400
S1,Q1,uniform_unmastered,271,8.0,0.0,1.0,8,400
S1,Q1,uniform_unmastered,272,8.0,0.0,1.0,8,400
S1,Q1,uniform_unmastered,273,8.0,0.0,1.0,8,400
S1,Q1,uniform_unmastered,274,8.0,0.0,1.0,8,400
S1,Q1,uniform_unmastered,275,8.0,0.0,1.0,8,400
S1,Q1,uniform_unmastered,276,8.0,0.0,1.0,8,400
S1,Q1,uniform_unmastered,277,8.0,0.0,1.0,8,400
S1,Q1,uniform_unmastered,278,8.0,0.0,1.0,8,400
S1,Q1,uniform_unmastered,279,8.0,0.0,1.0,8,400
S1,Q1,uniform_unmastered,280,8.0,0.0,1.0,8,400
S1,Q1,uniform_unmastered,281,8.0,0.0,1.0,8,400
S1,Q1,uniform_unmastered,282,8.0,0.0,1.0,8,400
S1,Q1,uniform_unmastered,283,8.0,0.0,1.0,8,400
S1,Q1,uniform_unmastered,284,8.0,0.0,1.0,8,400
S1,Q1,uniform_unmastered,285,8.0,0.0,1.0,8,400
S1,Q1,uniform_unmastered,286,8.0,0.0,1.0,8,400
S1,Q1,uniform_unmastered,287,8.0,0.0,1.0,8,400
S1,Q1,uniform_unmastered,288,8.0,0.0,1.0,8,400
S1,Q1,uniform_unmastered,289,8.0,0.0,1.0,8,400
S1,Q1,uniform_unmastered,290,8.0,0.0,1.0,8,400
S1,Q1,uniform_unmastered,291,8.0,0.0,1.0,8,400
S1,Q1,uniform_unmastered,292,8.0,0.0,1.0,8,400
S1,Q1,uniform_unmastered,293,8.0,0.0,1.0,8,400
S1,Q1,uniform_unmastered,294,8.0,0.0,1.0,8,400
S1,Q1,uniform_unmastered,295,8.0,0.0,1.0,8,400
S1,Q1,uniform_unmastered,296,8.0,0.0,1.0,8,400
S1,Q1,uniform_unmastered,297,8.0,0.0,1.0,8,400
S1,Q1,uniform_unmastered,298,8.0,0.0,1.0,8,400
S1,Q1,uniform_unmastered,299,8.0,0.0,1.0,8,400
S1,Q1,uniform_unmastered,300,8.0,0.0,1.0,8,400
S1,Q2,uniform_zpd,0,1.2925,0.10462587734650694,0.0,8,400
S1,Q2,uniform_zpd,1,1.4425,0.10845530488590557,0.0,8,400
S1,Q2,uniform_zpd,2,1.6075,0.10831095018429374,0.0,8,400
S1,Q2,uniform_zpd,3,1.735,0.11056890524472755,0.0,8,400
S1,Q2,uniform_zpd,4,1.8475,0.1118445796630306,0.0,8,400
S1,Q2,uniform_zpd,5,1.985,0.11122006950028902,0.0,8,400
S1,Q2,uniform_zpd,6,2.12,0.11361069877961752,0.0,8,400
S1,Q2,uniform_zpd,7,2.24,0.11304999049481249,0.0,8,400
S1,Q2,uniform_zpd,8,2.34,0.113559839701289,0.0,8,400
S1,Q2,uniform_zpd,9,2.4825,0.11229346968249458,0.0,8,400
S1,Q2,uniform_zpd,10,2.6,0.11379698759617898,0.0,8,400
S1,Q2,uniform_zpd,11,2.73,0.1163944051226675,0.0,8,400
S1,Q2,uniform_zpd,12,2.8675,0.11815312173378492,0.0,8,400
S1,Q2,uniform_zpd,13,2.975,0.11792601010654571,0.0,8,400
S1,Q2,uniform_zpd,14,3.0725,0.11824679588404122,0.0,8,400
S1,Q2,uniform_zpd,15,3.205,0.12009416480850613,0.0,8,400
S1,Q2,uniform_zpd,16,3.325,0.1201502714075097,0.0,8,400
S1,Q2,uniform_zpd,17,3.4525,0.11968333730336138,0.0,8,400
S1,Q2,uniform_zpd,18,3.585,0.12128283024517814,0.0,8,400
S1,Q2,uniform_zpd,19,3.6925,0.12128952819234975,0.0,8,400
S1,Q2,uniform_zpd,20,3.795,0.12168702160900387,0.0,8,400
S1,Q2,uniform_zpd,21,3.9,0.1213711142258365,0.0,8,400
S1,Q2,uniform_zpd,22,3.99,0.12176315232104454,0.0,8,400
S1,Q2,uniform_zpd,23,4.085,0.12148113130506273,0.0,8,400
S1,Q2,uniform_zpd,24,4.21,0.12061115714588835,0.0,8,400
S1,Q2,uniform_zpd,25,4.325,0.12154451931468813,0.0,8,400
S1,Q2,uniform_zpd,26,4.4475,0.12046513436049133,0.0,8,400
S1,Q2,uniform_zpd,27,4.565,0.12000594429721664,0.0,8,400
S1,Q2,uniform_zpd,28,4.675,0.12055027341757725,0.0,8,400
S1,Q2,uniform_zpd,29,4.79,0.12298266316272585,0.0025,8,400
S1,Q2,uniform_zpd,30,4.93,0.1239263278599108,0.0025,8,400
S1,Q2,uniform_zpd,31,5.0625,0.12636873433545126,0.0075,8,400
S1,Q2,uniform_zpd,32,5.1525,0.12696352356401217,0.01,8,400
S1,Q2,uniform_zpd,33,5.2825,0.1278495778694772,0.0175,8,400
S1,Q2,uniform_zpd,34,5.3975,0.1288547509489086,0.03,8,400
S1,Q2,uniform_zpd,35,5.505,0.13054287996199535,0.05,8,400
S1,Q2,uniform_zpd,36,5.64,0.13437441276901468,0.08,8,400
S1,Q2,uniform_zpd,37,5.745,0.13453821474982555,0.095,8,400
S1,Q2,uniform_zpd,38,5.825,0.13307753972382932,0.1025,8,400
S1,Q2,uniform_zpd,39,5.9125,0.1332752230826094,0.12,8,400
S1,Q2,uniform_zpd,40,6.0,0.13273796902564328,0.135,8,400
S1,Q2,uniform_zpd,41,6.095,0.13457399190871028,0.165,8,400
S1,Q2,uniform_zpd,42,6.2,0.13291918135442235,0.19,8,400
S1,Q2,uniform_zpd,43,6.31,0.13105538671098155,0.215,8,400
S1,Q2,uniform_zpd,44,6.4075,0.12874075200988294,0.24,8,400
S1,Q2,uniform_zpd,45,6.4725,0.12677379841636158,0.2575,8,400
S1,Q2,uniform_zpd,46,6.55,0.12537074842802648,0.2775,8,400
S1,Q2,uniform_zpd,47,6.6575,0.12315062307967539,0.31,8,400
S1,Q2,uniform_zpd,48,6.7725,0.11919968282661206,0.345,8,400
S1,Q2,uniform_zpd,49,6.8425,0.11683173760704195,0.37,8,400
S1,Q2,uniform_zpd,50,6.93,0.11295200657568542,0.405,8,400
S1,Q2,uniform_zpd,51,7.02,0.11012500711910286,0.4475,8,400
S1,Q2,uniform_zpd,52,7.0875,0.10748106728424964,0.475,8,400
S1,Q2,uniform_zpd,53,7.1375,0.10538919099674011,0.4975,8,400
S1,Q2,uniform_zpd,54,7.195,0.10182922408224951,0.5225,8,400
S1,Q2,uniform_zpd,55,7.24,0.0996996471865513,0.5425,8,400
S1,Q2,uniform_zpd,56,7.2875,0.09512560948003103,0.55,8,400
S1,Q2,uniform_zpd,57,7.3375,0.0909208495186499,0.57,8,400
S1,Q2,uniform_zpd,58,7.37,0.08683168635000685,0.58,8,400
S1,Q2,uniform_zpd,59,7.4175,0.08315539564310546,0.6025,8,400
S1,Q2,uniform_zpd,60,7.46,0.08111610911461876,0.6275,8,400
S1,Q2,uniform_zpd,61,7.48,0.07908472915781474,0.635,8,400
S1,Q2,uniform_zpd,62,7.5225,0.07723036513085778,0.6675,8,400
S1,Q2,uniform_zpd,63,7.565,0.07215690991944435,0.68,8,400
S1,Q2,uniform_zpd,64,7.595,0.07048293061991627,0.7025,8,400
S1,Q2,uniform_zpd,65,7.6125,0.06849948776860601,0.7125,8,400
S1,Q2,uniform_zpd,66,7.6475,0.06569415712756922,0.7375,8,400
S1,Q2,uniform_zpd,67,7.6875,0.06007513570375485,0.755,8,400
S1,Q2,uniform_zpd,68,7.7075,0.0586231991082388,0.77,8,400
S1,Q2,uniform_zpd,69,7.72,0.05818272487331795,0.7825,8,400
S1,Q2,uniform_zpd,70,7.74,0.05484349663184339,0.7875,8,400
S1,Q2,uniform_zpd,71,7.76,0.053510635112802005,0.805,8,400
S1,Q2,uniform_zpd,72,7.785,0.04943039053833108,0.8175,8,400
S1,Q2,uniform_zpd,73,7.7975,0.04669794127473122,0.8225,8,400
S1,Q2,uniform_zpd,74,7.8175,0.04541225006691863,0.8425,8,400
S1,Q2,uniform_zpd,75,7.8275,0.04472327585842491,0.8525,8,400
S1,Q2,uniform_zpd,76,7.84,0.043263111794059186,0.8625,8,400
S1,Q2,uniform_zpd,77,7.8425,0.04251033517265217,0.8625,8,400
S1,Q2,uniform_zpd,78,7.85,0.04133984102703288,0.8675,8,400
S1,Q2,uniform_zpd,79,7.86,0.040504606625601694,0.8775,8,400
S1,Q2,uniform_zpd,80,7.8775,0.038317365858260524,0.8925,8,400
S1,Q2,uniform_zpd,81,7.8875,0.03603172335205878,0.8975,8,400
S1,Q2,uniform_zpd,82,7.9,0.032543627936944056,0.9075,8,400
S1,Q2,uniform_zpd,83,7.91,0.03054439392098,0.915,8,400
S1,Q2,uniform_zpd,84,7.9175,0.029550055659400783,0.9225,8,400
S1,Q2,uniform_zpd,85,7.9225,0.028857718113822546,0.9275,8,400
S1,Q2,uniform_zpd,86,7.9275,0.028139804485661023,0.9325,8,400
S1,Q2,uniform_zpd,87,7.93,0.027770639550659105,0.935,8,400
S1,Q2,uniform_zpd,88,7.935,0.025165180623025012,0.9375,8,400
S1,Q2,uniform_zpd,89,7.935,0.025165180623025012,0.9375,8,400
S1,Q2,uniform_zpd,90,7.9425,0.02387303036791451,0.945,8,400
S1,Q2,uniform_zpd,91,7.95,0.02248274191931505,0.9525,8,400
S1,Q2,uniform_zpd,92,7.955,0.02034124666261814,0.955,8,400
S1,Q2,uniform_zpd,93,7.955,0.02034124666261814,0.955,8,400
S1,Q2,uniform_zpd,94,7.9575,0.019793996077137995,0.9575,8,400
S1,Q2,uniform_zpd,95,7.96,0.019228049686248527,0.96,8,400
S1,Q2,uniform_zpd,96,7.96,0.019228049686248527,0.96,8,400
S1,Q2,uniform_zpd,97,7.9675,0.017399500900282954,0.9675,8,400
S1,Q2,uniform_zpd,98,7.975,0.015319406337267635,0.975,8,400
S1,Q2,uniform_zpd,99,7.975,0.015319406337267635,0.975,8,400
S1,Q2,uniform_zpd,100,7.9775,0.014551885390596389,0.9775,8,400
S1,Q2,uniform_zpd,101,7.9775,0.014551885390596389,0.9775,8,400
S1,Q2,uniform_zpd,102,7.9775,0.014551885390596389,0.9775,8,400
S1,Q2,uniform_zpd,103,7.9775,0.014551885390596389,0.9775,8,400
S1,Q2,uniform_zpd,104,7.9775,0.014551885390596389,0.9775,8,400
S1,Q2,uniform_zpd,105,7.9775,0.014551885390596389,0.9775,8,400
S1,Q2,uniform_zpd,106,7.9775,0.014551885390596389,0.9775,8,400
S1,Q2,uniform_zpd,107,7.9775,0.014551885390596389,0.9775,8,400
S1,Q2,uniform_zpd,108,7.98,0.013737182223389063,0.98,8,400
S1,Q2,uniform_zpd,109,7.98,0.013737182223389063,0.98,8,400
S1,Q2,uniform_zpd,110,7.9825,0.01286633714694852,0.9825,8,400
S1,Q2,uniform_zpd,111,7.985,0.01192705901897468,0.985,8,400
S1,Q2,uniform_zpd,112,7.985,0.01192705901897468,0.985,8,400
S1,Q2,uniform_zpd,113,7.985,0.01192705901897468,0.985,8,400
S1,Q2,uniform_zpd,114,7.9875,0.010901673781033358,0.9875,8,400
S1,Q2,uniform_zpd,115,7.9875,0.010901673781033358,0.9875,8,400
S1,Q2,uniform_zpd,116,7.9875,0.010901673781033358,0.9875,8,400
S1,Q2,uniform_zpd,117,7.9875,0.010901673781033358,0.9875,8,400
S1,Q2,uniform_zpd,118,7.9875,0.010901673781033358,0.9875,8,400
S1,Q2,uniform_zpd,119,7.9875,0.010901673781033358,0.9875,8,400
S1,Q2,uniform_zpd,120,7.9875,0.010901673781033358,0.9875,8,400
S1,Q2,uniform_zpd,121,7.9875,0.010901673781033358,0.9875,8,400
S1,Q2,uniform_zpd,122,7.9875,0.010901673781033358,0.9875,8,400
S1,Q2,uniform_zpd,123,7.9875,0.010901673781033358,0.9875,8,400
S1,Q2,uniform_zpd,124,7.9875,0.010901673781033358,0.9875,8,400
S1,Q2,uniform_zpd,125,7.9875,0.010901673781033358,0.9875,8,400
S1,Q2,uniform_zpd,126,7.9875,0.010901673781033358,0.9875,8,400
S1,Q2,uniform_zpd,127,7.9875,0.010901673781033358,0.9875,8,400
S1,Q2,uniform_zpd,128,7.9875,0.010901673781033358,0.9875,8,400
S1,Q2,uniform_zpd,129,7.9875,0.010901673781033358,0.9875,8,400
S1,Q2,uniform_zpd,130,7.9875,0.010901673781033358,0.9875,8,400
S1,Q2,uniform_zpd,131,7.9875,0.010901673781033358,0.9875,8,400
S1,Q2,uniform_zpd,132,7.99,0.009763088381083217,0.99,8,400
S1,Q2,uniform_zpd,133,7.99,0.009763088381083217,0.99,8,400
S1,Q2,uniform_zpd,134,7.9925,0.00846575143554434,0.9925,8,400
S1,Q2,uniform_zpd,135,7.9925,0.00846575143554434,0.9925,8,400
S1,Q2,uniform_zpd,136,7.9925,0.00846575143554434,0.9925,8,400
S1,Q2,uniform_zpd,137,7.9925,0.00846575143554434,0.9925,8,400
S1,Q2,uniform_zpd,138,7.9925,0.00846575143554434,0.9925,8,400
S1,Q2,uniform_zpd,139,7.9925,0.00846575143554434,0.9925,8,400
S1,Q2,uniform_zpd,140,7.995,0.006920957240353897,0.995,8,400
S1,Q2,uniform_zpd,141,7.995,0.006920957240353897,0.995,8,400
S1,Q2,uniform_zpd,142,7.995,0.006920957240353897,0.995,8,400
S1,Q2,uniform_zpd,143,7.995,0.006920957240353897,0.995,8,400
S1,Q2,uniform_zpd,144,7.995,0.006920957240353897,0.995,8,400
S1,Q2,uniform_zpd,145,7.9975,0.0049,0.9975,8,400
S1,Q2,uniform_zpd,146,7.9975,0.0049,0.9975,8,400
S1,Q2,uniform_zpd,147,7.9975,0.0049,0.9975,8,400
S1,Q2,uniform_zpd,148,7.9975,0.0049,0.9975,8,400
S1,Q2,uniform_zpd,149,7.9975,0.0049,0.9975,8,400
S1,Q2,uniform_zpd,150,7.9975,0.0049,0.9975,8,400
S1,Q2,uniform_zpd,151,7.9975,0.0049,0.9975,8,400
S1,Q2,uniform_zpd,152,7.9975,0.0049,0.9975,8,400
S1,Q2,uniform_zpd,153,7.9975,0.0049,0.9975,8,400
S1,Q2,uniform_zpd,154,7.9975,0.0049,0.9975,8,400
S1,Q2,uniform_zpd,155,7.9975,0.0049,0.9975,8,400
S1,Q2,uniform_zpd,156,7.9975,0.0049,0.9975,8,400
S1,Q2,uniform_zpd,157,7.9975,0.0049,0.9975,8,400
S1,Q2,uniform_zpd,158,8.0,0.0,1.0,8,400
S1,Q2,uniform_zpd,159,8.0,0.0,1.0,8,400
S1,Q2,uniform_zpd,160,8.0,0.0,1.0,8,400
S1,Q2,uniform_zpd,161,8.0,0.0,1.0,8,400
S1,Q2,uniform_zpd,162,8.0,0.0,1.0,8,400
S1,Q2,uniform_zpd,163,8.0,0.0,1.0,8,400
S1,Q2,uniform_zpd,164,8.0,0.0,1.0,8,400
S1,Q2,uniform_zpd,165,8.0,0.0,1.0,8,400
S1,Q2,uniform_zpd,166,8.0,0.0,1.0,8,400
S1,Q2,uniform_zpd,167,8.0,0.0,1.0,8,400
S1,Q2,uniform_zpd,168,8.0,0.0,1.0,8,400
S1,Q2,uniform_zpd,169,8.0,0.0,1.0,8,400
S1,Q2,uniform_zpd,170,8.0,0.0,1.0,8,400
S1,Q2,uniform_zpd,171,8.0,0.0,1.0,8,400
S1,Q2,uniform_zpd,172,8.0,0.0,1.0,8,400
S1,Q2,uniform_zpd,173,8.0,0.0,1.0,8,400
S1,Q2,uniform_zpd,174,8.0,0.0,1.0,8,400
S1,Q2,uniform_zpd,175,8.0,0.0,1.0,8,400
S1,Q2,uniform_zpd,176,8.0,0.0,1.0,8,400
S1,Q2,uniform_zpd,177,8.0,0.0,1.0,8,400
S1,Q2,uniform_zpd,178,8.0,0.0,1.0,8,400
S1,Q2,uniform_zpd,179,8.0,0.0,1.0,8,400
S1,Q2,uniform_zpd,180,8.0,0.0,1.0,8,400
S1,Q2,uniform_zpd,181,8.0,0.0,1.0,8,400
S1,Q2,uniform_zpd,182,8.0,0.0,1.0,8,400
S1,Q2,uniform_zpd,183,8.0,0.0,1.0,8,400
S1,Q2,uniform_zpd,184,8.0,0.0,1.0,8,400
S1,Q2,uniform_zpd,185,8.0,0.0,1.0,8,400
S1,Q2,uniform_zpd,186,8.0,0.0,1.0,8,400
S1,Q2,uniform_zpd,187,8.0,0.0,1.0,8,400
S1,Q2,uniform_zpd,188,8.0,0.0,1.0,8,400
S1,Q2,uniform_zpd,189,8.0,0.0,1.0,8,400
S1,Q2,uniform_zpd,190,8.0,0.0,1.0,8,400
S1,Q2,uniform_zpd,191,8.0,0.0,1.0,8,400
S1,Q2,uniform_zpd,192,8.0,0.0,1.0,8,400
S1,Q2,uniform_zpd,193,8.0,0.0,1.0,8,400
S1,Q2,uniform_zpd,194,8.0,0.0,1.0,8,400
S1,Q2,uniform_zpd,195,8.0,0.0,1.0,8,400
S1,Q2,uniform_zpd,196,8.0,0.0,1.0,8,400
S1,Q2,uniform_zpd,197,8.0,0.0,1.0,8,400
S1,Q2,uniform_zpd,198,8.0,0.0,1.0,8,400
S1,Q2,uniform_zpd,199,8.0,0.0,1.0,8,400
S1,Q2,uniform_zpd,200,8.0,0.0,1.0,8,400
S1,Q2,uniform_zpd,201,8.0,0.0,1.0,8,400
S1,Q2,uniform_zpd,202,8.0,0.0,1.0,8,400
S1,Q2,uniform_zpd,203,8.0,0.0,1.0,8,400
S1,Q2,uniform_zpd,204,8.0,0.0,1.0,8,400
S1,Q2,uniform_zpd,205,8.0,0.0,1.0,8,400
S1,Q2,uniform_zpd,206,8.0,0.0,1.0,8,400
S1,Q2,uniform_zpd,207,8.0,0.0,1.0,8,400
S1,Q2,uniform_zpd,208,8.0,0.0,1.0,8,400
S1,Q2,uniform_zpd,209,8.0,0.0,1.0,8,400
S1,Q2,uniform_zpd,210,8.0,0.0,1.0,8,400
S1,Q2,uniform_zpd,211,8.0,0.0,1.0,8,400
S1,Q2,uniform_zpd,212,8.0,0.0,1.0,8,400
S1,Q2,uniform_zpd,213,8.0,0.0,1.0,8,400
S1,Q2,uniform_zpd,214,8.0,0.0,1.0,8,400
S1,Q2,uniform_zpd,215,8.0,0.0,1.0,8,400
S1,Q2,uniform_zpd,216,8.0,0.0,1.0,8,400
S1,Q2,uniform_zpd,217,8.0,0.0,1.0,8,400
S1,Q2,uniform_zpd,218,8.0,0.0,1.0,8,400
S1,Q2,uniform_zpd,219,8.0,0.0,1.0,8,400
S1,Q2,uniform_zpd,220,8.0,0.0,1.0,8,400
S1,Q2,uniform_zpd,221,8.0,0.0,1.0,8,400
S1,Q2,uniform_zpd,222,8.0,0.0,1.0,8,400
S1,Q2,uniform_zpd,223,8.0,0.0,1.0,8,400
S1,Q2,uniform_zpd,224,8.0,0.0,1.0,8,400
S1,Q2,uniform_zpd,225,8.0,0.0,1.0,8,400
S1,Q2,uniform_zpd,226,8.0,0.0,1.0,8,400
S1,Q2,uniform_zpd,227,8.0,0.0,1.0,8,400
S1,Q2,uniform_zpd,228,8.0,0.0,1.0,8,400
S1,Q2,uniform_zpd,229,8.0,0.0,1.0,8,400
S1,Q2,uniform_zpd,230,8.0,0.0,1.0,8,400
S1,Q2,uniform_zpd,231,8.0,0.0,1.0,8,400
S1,Q2,uniform_zpd,232,8.0,0.0,1.0,8,400
S1,Q2,uniform_zpd,233,8.0,0.0,1.0,8,400
S1,Q2,uniform_zpd,234,8.0,0.0,1.0,8,400
S1,Q2,uniform_zpd,235,8.0,0.0,1.0,8,400
S1,Q2,uniform_zpd,236,8.0,0.0,1.0,8,400
S1,Q2,uniform_zpd,237,8.0,0.0,1.0,8,400
S1,Q2,uniform_zpd,238,8.0,0.0,1.0,8,400
S1,Q2,uniform_zpd,239,8.0,0.0,1.0,8,400
S1,Q2,uniform_zpd,240,8.0,0.0,1.0,8,400
S1,Q2,uniform_zpd,241,8.0,0.0,1.0,8,400
S1,Q2,uniform_zpd,242,8.0,0.0,1.0,8,400
S1,Q2,uniform_zpd,243,8.0,0.0,1.0,8,400
S1,Q2,uniform_zpd,244,8.0,0.0,1.0,8,400
S1,Q2,uniform_zpd,245,8.0,0.0,1.0,8,400
S1,Q2,uniform_zpd,246,8.0,0.0,1.0,8,400
S1,Q2,uniform_zpd,247,8.0,0.0,1.0,8,400
S1,Q2,uniform_zpd,248,8.0,0.0,1.0,8,400
S1,Q2,uniform_zpd,249,8.0,0.0,1.0,8,400
S1,Q2,uniform_zpd,250,8.0,0.0,1.0,8,400
S1,Q2,uniform_zpd,251,8.0,0.0,1.0,8,400
S1,Q2,uniform_zpd,252,8.0,0.0,1.0,8,400
S1,Q2,uniform_zpd,253,8.0,0.0,1.0,8,400
S1,Q2,uniform_zpd,254,8.0,0.0,1.0,8,400
S1,Q2,uniform_zpd,255,8.0,0.0,1.0,8,400
S1,Q2,uniform_zpd,256,8.0,0.0,1.0,8,400
S1,Q2,uniform_zpd,257,8.0,0.0,1.0,8,400
S1,Q2,uniform_zpd,258,8.0,0.0,1.0,8,400
S1,Q2,uniform_zpd,259,8.0,0.0,1.0,8,400
S1,Q2,uniform_zpd,260,8.0,0.0,1.0,8,400
S1,Q2,uniform_zpd,261,8.0,0.0,1.0,8,400
S1,Q2,uniform_zpd,262,8.0,0.0,1.0,8,400
S1,Q2,uniform_zpd,263,8.0,0.0,1.0,8,400
S1,Q2,uniform_zpd,264,8.0,0.0,1.0,8,400
S1,Q2,uniform_zpd,265,8.0,0.0,1.0,8,400
S1,Q2,uniform_zpd,266,8.0,0.0,1.0,8,400
S1,Q2,uniform_zpd,267,8.0,0.0,1.0,8,400
S1,Q2,uniform_zpd,268,8.0,0.0,1.0,8,400
S1,Q2,uniform_zpd,269,8.0,0.0,1.0,8,400
S1,Q2,uniform_zpd,270,8.0,0.0,1.0,8,400
S1,Q2,uniform_zpd,271,8.0,0.0,1.0,8,400
S1,Q2,uniform_zpd,272,8.0,0.0,1.0,8,400
S1,Q2,uniform_zpd,273,8.0,0.0,1.0,8,400
S1,Q2,uniform_zpd,274,8.0,0.0,1.0,8,400
S1,Q2,uniform_zpd,275,8.0,0.0,1.0,8,400
S1,Q2,uniform_zpd,276,8.0,0.0,1.0,8,400
S1,Q2,uniform_zpd,277,8.0,0.0,1.0,8,400
S1,Q2,uniform_zpd,278,8.0,0.0,1.0,8,400
S1,Q2,uniform_zpd,279,8.0,0.0,1.0,8,400
S1,Q2,uniform_zpd,280,8.0,0.0,1.0,8,400
S1,Q2,uniform_zpd,281,8.0,0.0,1.0,8,400
S1,Q2,uniform_zpd,282,8.0,0.0,1.0,8,400
S1,Q2,uniform_zpd,283,8.0,0.0,1.0,8,400
S1,Q2,uniform_zpd,284,8.0,0.0,1.0,8,400
S1,Q2,uniform_zpd,285,8.0,0.0,1.0,8,400
S1,Q2,uniform_zpd,286,8.0,0.0,1.0,8,400
S1,Q2,uniform_zpd,287,8.0,0.0,1.0,8,400
S1,Q2,uniform_zpd,288,8.0,0.0,1.0,8,400
S1,Q2,uniform_zpd,289,8.0,0.0,1.0,8,400
S1,Q2,uniform_zpd,290,8.0,0.0,1.0,8,400
S1,Q2,uniform_zpd,291,8.0,0.0,1.0,8,400
S1,Q2,uniform_zpd,292,8.0,0.0,1.0,8,400
S1,Q2,uniform_zpd,293,8.0,0.0,1.0,8,400
S1,Q2,uniform_zpd,294,8.0,0.0,1.0,8,400
S1,Q2,uniform_zpd,295,8.0,0.0,1.0,8,400
S1,Q2,uniform_zpd,296,8.0,0.0,1.0,8,400
S1,Q2,uniform_zpd,297,8.0,0.0,1.0,8,400
S1,Q2,uniform_zpd,298,8.0,0.0,1.0,8,400
S1,Q2,uniform_zpd,299,8.0,0.0,1.0,8,400
S1,Q2,uniform_zpd,300,8.0,0.0,1.0,8,400
S2,Q1,uniform_unmastered,0,1.2925,0.10462587734650694,0.0,8,400
S2,Q1,uniform_unmastered,1,1.345,0.1061801745792698,0.0,8,400
S2,Q1,uniform_unmastered,2,1.435,0.10995767287716399,0.0,8,400
S2,Q1,uniform_unmastered,3,1.5075,0.11273203206112972,0.0,8,400
S2,Q1,uniform_unmastered,4,1.575,0.11440348724902069,0.0,8,400
S2,Q1,uniform_unmastered,5,1.675,0.11833353101046004,0.0,8,400
S2,Q1,uniform_unmastered,6,1.7425,0.12022312078768305,0.0,8,400
S2,Q1,uniform_unmastered,7,1.835,0.12068597209141219,0.0,8,400
S2,Q1,uniform_unmastered,8,1.9125,0.12391637318716058,0.0,8,400
S2,Q1,uniform_unmastered,9,2.0125,0.12401345781526393,0.0,8,400
S2,Q1,uniform_unmastered,10,2.09,0.12763123414675798,0.0,8,400
S2,Q1,uniform_unmastered,11,2.18,0.13008572612070426,0.0,8,400
S2,Q1,uniform_unmastered,12,2.2575,0.13422363702732132,0.0,8,400
S2,Q1,uniform_unmastered,13,2.33,0.13653170571946527,0.0,8,400
S2,Q1,uniform_unmastered,14,2.42,0.13538092327194742,0.0,8,400
S2,Q1,uniform_unmastered,15,2.5025,0.1356080892117027,0.0,8,400
S2,Q1,uniform_unmastered,16,2.61,0.13851996625985577,0.0,8,400
S2,Q1,uniform_unmastered,17,2.6825,0.1396894757994417,0.0,8,400
S2,Q1,uniform_unmastered,18,2.755,0.14202311894825248,0.0,8,400
S2,Q1,uniform_unmastered,19,2.825,0.14452299034009125,0.0,8,400
S2,Q1,uniform_unmastered,20,2.8775,0.14462683803741877,0.0,8,400
S2,Q1,uniform_unmastered,21,2.955,0.14580308037080025,0.0,8,400
S2,Q1,uniform_unmastered,22,3.0325,0.14755791785874123,0.0,8,400
S2,Q1,uniform_unmastered,23,3.11,0.148093825167127,0.0,8,400
S2,Q1,uniform_unmastered,24,3.1825,0.14666619995938504,0.0,8,400
S2,Q1,uniform_unmastered,25,3.2575,0.14754976145444343,0.0,8,400
S2,Q1,uniform_unmastered,26,3.325,0.15039929311144068,0.0,8,400
S2,Q1,uniform_unmastered,27,3.405,0.15439838422934218,0.0025,8,400
S2,Q1,uniform_unmastered,28,3.4925,0.1552989832887721,0.0025,8,400
S2,Q1,uniform_unmastered,29,3.5825,0.1558636791918761,0.0025,8,400
S2,Q1,uniform_unmastered,30,3.6375,0.1587070704490708,0.0075,8,400
S2,Q1,uniform_unmastered,31,3.74,0.1629369224631249,0.0175,8,400
S2,Q1,uniform_unmastered,32,3.805,0.1641020157674712,0.02,8,400
S2,Q1,uniform_unmastered,33,3.905,0.16640339276230823,0.025,8,400
S2,Q1,uniform_unmastered,34,3.9675,0.16699450195803012,0.0275,8,400
S2,Q1,uniform_unmastered,35,4.0375,0.17097287411812007,0.035,8,400
S2,Q1,uniform_unmastered,36,4.1125,0.17275854004330649,0.0425,8,400
S2,Q1,uniform_unmastered,37,4.1825,0.17301888802681367,0.0425,8,400
S2,Q1,uniform_unmastered,38,4.2675,0.17403840723524924,0.045,8,400
S2,Q1,uniform_unmastered,39,4.3325,0.1729562732488774,0.045,8,400
S2,Q1,uniform_unmastered,40,4.395,0.17370702699680912,0.0475,8,400
S2,Q1,uniform_unmastered,41,4.4875,0.17524850776450054,0.0525,8,400
S2,Q1,uniform_unmastered,42,4.5725,0.17483322228350962,0.06,8,400
S2,Q1,uniform_unmastered,43,4.6675,0.17434241011558915,0.0625,8,400
S2,Q1,uniform_unmastered,44,4.755,0.17566366787280263,0.0725,8,400
S2,Q1,uniform_unmastered,45,4.82,0.17614601598494478,0.0775,8,400
S2,Q1,uniform_unmastered,46,4.905,0.17732748374470347,0.0875,8,400
S2,Q1,uniform_unmastered,47,4.9775,0.17937934761526253,0.0925,8,400
S2,Q1,uniform_unmastered,48,5.0625,0.1790193682552989,0.0975,8,400
S2,Q1,uniform_unmastered,49,5.1475,0.18081609199074905,0.12,8,400
S2,Q1,uniform_unmastered,50,5.2325,0.18287307121454105,0.14,8,400
S2,Q1,uniform_unmastered,51,5.3225,0.18181836753180308,0.1525,8,400
S2,Q1,uniform_unmastered,52,5.38,0.18227072981520764,0.16,8,400
S2,Q1,uniform_unmastered,53,5.4425,0.18177070238521398,0.17,8,400
S2,Q1,uniform_unmastered,54,5.5225,0.18355754248602474,0.185,8,400
S2,Q1,uniform_unmastered,55,5.5975,0.18292702840011982,0.2025,8,400
S2,Q1,uniform_unmastered,56,5.65,0.18086284422471255,0.2075,8,400
S2,Q1,uniform_unmastered,57,5.6925,0.1804749839300766,0.2175,8,400
S2,Q1,uniform_unmastered,58,5.755,0.18012872005727926,0.235,8,400
S2,Q1,uniform_unmastered,59,5.82,0.18019886091117282,0.2525,8,400
S2,Q1,uniform_unmastered,60,5.9025,0.1798082297162291,0.275,8,400
S2,Q1,uniform_unmastered,61,5.9725,0.17802567181325674,0.29,8,400
S2,Q1,uniform_unmastered,62,6.0275,0.17598589307499482,0.305,8,400
S2,Q1,uniform_unmastered,63,6.105,0.17370702699680912,0.3225,8,400
S2,Q1,uniform_unmastered,64,6.1775,0.17111078641649152,0.335,8,400
S2,Q1,uniform_unmastered,65,6.24,0.16931218544555757,0.35,8,400
S2,Q1,uniform_unmastered,66,6.3025,0.16798753974260094,0.365,8,400
S2,Q1,uniform_unmastered,67,6.3625,0.16568201683270994,0.375,8,400
S2,Q1,uniform_unmastered,68,6.4225,0.16357367404966258,0.3775,8,400
S2,Q1,uniform_unmastered,69,6.4625,0.16238033380621417,0.3925,8,400
S2,Q1,uniform_unmastered,70,6.51,0.16122911234224005,0.4025,8,400
S2,Q1,uniform_unmastered,71,6.5575,0.15978327042832716,0.415,8,400
S2,Q1,uniform_unmastered,72,6.615,0.1585760164162795,0.4325,8,400
S2,Q1,uniform_unmastered,73,6.6425,0.15652632366474334,0.4325,8,400
S2,Q1,uniform_unmastered,74,6.6975,0.15251674455095432,0.4425,8,400
S2,Q1,uniform_unmastered,75,6.745,0.1496162506419017,0.46,8,400
S2,Q1,uniform_unmastered,76,6.7775,0.14842157655127136,0.4775,8,400
S2,Q1,uniform_unmastered,77,6.815,0.1475360984670436,0.4925,8,400
S2,Q1,uniform_unmastered,78,6.845,0.14557177526700005,0.5,8,400
S2,Q1,uniform_unmastered,79,6.88,0.1447301954454709,0.5125,8,400
S2,Q1,uniform_unmastered,80,6.9175,0.14238597962223126,0.53,8,400
S2,Q1,uniform_unmastered,81,6.955,0.1392158919139748,0.54,8,400
S2,Q1,uniform_unmastered,82,6.9875,0.13745393167651968,0.5475,8,400
S2,Q1,uniform_unmastered,83,7.02,0.1357715108478017,0.555,8,400
S2,Q1,uniform_unmastered,84,7.04,0.13501773242865336,0.5625,8,400
S2,Q1,uniform_unmastered,85,7.0625,0.13359090800557644,0.5675,8,400
S2,Q1,uniform_unmastered,86,7.0925,0.13251814374285747,0.58,8,400
S2,Q1,uniform_unmastered,87,7.125,0.1297809896061742,0.59,8,400
S2,Q1,uniform_unmastered,88,7.1475,0.1285274337566505,0.5975,8,400
S2,Q1,uniform_unmastered,89,7.165,0.12671801267713328,0.6,8,400
S2,Q1,uniform_unmastered,90,7.1875,0.12574816450824633,0.61,8,400
S2,Q1,uniform_unmastered,91,7.22,0.1243722539148489,0.6275,8,400
S2,Q1,uniform_unmastered,92,7.25,0.12245701000043081,0.64,8,400
S2,Q1,uniform_unmastered,93,7.265,0.12136218955107717,0.645,8,400
S2,Q1,uniform_unmastered,94,7.2825,0.12108097406571254,0.6575,8,400
S2,Q1,uniform_unmastered,95,7.31,0.11851747372833835,0.6625,8,400
S2,Q1,uniform_unmastered,96,7.3325,0.11618094855447489,0.6725,8,400
S2,Q1,uniform_unmastered,97,7.3425,0.11610841349450318,0.68,8,400
S2,Q1,uniform_unmastered,98,7.37,0.11392805362819455,0.6925,8,400
S2,Q1,uniform_unmastered,99,7.3825,0.11257178060896826,0.6975,8,400
S2,Q1,uniform_unmastered,100,7.415,0.11069944452229134,0.72,8,400
S2,Q1,uniform_unmastered,101,7.4425,0.10778743945962888,0.7325,8,400
S2,Q1,uniform_unmastered,102,7.455,0.10717297708631528,0.74,8,400
S2,Q1,uniform_unmastered,103,7.4675,0.10631468763542289,0.745,8,400
S2,Q1,uniform_unmastered,104,7.4925,0.10453381304714489,0.76,8,400
S2,Q1,uniform_unmastered,105,7.505,0.1019709521761923,0.7625,8,400
S2,Q1,uniform_unmastered,106,7.5175,0.10148441501643526,0.77,8,400
S2,Q1,uniform_unmastered,107,7.5325,0.10025549204013977,0.7775,8,400
S2,Q1,uniform_unmastered,108,7.55,0.09750753457167098,0.7825,8,400
S2,Q1,uniform_unmastered,109,7.56,0.09646018358651334,0.785,8,400
S2,Q1,uniform_unmastered,110,7.575,0.09535464735360213,0.7925,8,400
S2,Q1,uniform_unmastered,111,7.5825,0.09427923530940582,0.795,8,400
S2,Q1,uniform_unmastered,112,7.5875,0.09398005107468287,0.7975,8,400
S2,Q1,uniform_unmastered,113,7.605,0.09094103352693639,0.8025,8,400
S2,Q1,uniform_unmastered,114,7.6175,0.08972698649382557,0.81,8,400
S2,Q1,uniform_unmastered,115,7.625,0.08882004278314665,0.8125,8,400
S2,Q1,uniform_unmastered,116,7.6375,0.08560294407955674,0.8125,8,400
S2,Q1,uniform_unmastered,117,7.6525,0.08450775631380224,0.8225,8,400
S2,Q1,uniform_unmastered,118,7.665,0.08225792981557377,0.8275,8,400
S2,Q1,uniform_unmastered,119,7.67,0.08127618930147021,0.83,8,400
S2,Q1,uniform_unmastered,120,7.685,0.07945972388133656,0.835,8,400
S2,Q1,uniform_unmastered,121,7.69,0.07843069574527387,0.8375,8,400
S2,Q1,uniform_unmastered,122,7.705,0.07491945148308492,0.84,8,400
S2,Q1,uniform_unmastered,123,7.7225,0.07378762436053846,0.8525,8,400
S2,Q1,uniform_unmastered,124,7.7225,0.07378762436053846,0.8525,8,400
S2,Q1,uniform_unmastered,125,7.73,0.07224525480684017,0.8525,8,400
S2,Q1,uniform_unmastered,126,7.74,0.07125899389218399,0.86,8,400
S2,Q1,uniform_unmastered,127,7.745,0.0704145967722353,0.8625,8,400
S2,Q1,uniform_unmastered,128,7.755,0.0697275751538952,0.87,8,400
S2,Q1,uniform_unmastered,129,7.7625,0.06805883033056705,0.8725,8,400
S2,Q1,uniform_unmastered,130,7.7675,0.06715809182999181,0.8725,8,400
S2,Q1,uniform_unmastered,131,7.7775,0.0649386984886786,0.875,8,400
S2,Q1,uniform_unmastered,132,7.7825,0.0639827731749562,0.875,8,400
S2,Q1,uniform_unmastered,133,7.8,0.060883552931344766,0.8825,8,400
S2,Q1,uniform_unmastered,134,7.8075,0.05849989203768715,0.8825,8,400
S2,Q1,uniform_unmastered,135,7.8225,0.05602401897181588,0.8925,8,400
S2,Q1,uniform_unmastered,136,7.825,0.05588474982638729,0.895,8,400
S2,Q1,uniform_unmastered,137,7.83,0.05516731806473957,0.8975,8,400
S2,Q1,uniform_unmastered,138,7.84,0.05457952832592731,0.9075,8,400
S2,Q1,uniform_unmastered,139,7.8525,0.05105624177866408,0.91,8,400
S2,Q1,uniform_unmastered,140,7.8525,0.05105624177866408,0.91,8,400
S2,Q1,uniform_unmastered,141,7.8575,0.049762229388203766,0.9125,8,400
S2,Q1,uniform_unmastered,142,7.865,0.048743892104999784,0.9175,8,400
S2,Q1,uniform_unmastered,143,7.8675,0.04856269776315034,0.92,8,400
S2,Q1,uniform_unmastered,144,7.8725,0.04819451996219036,0.925,8,400
S2,Q1,uniform_unmastered,145,7.8725,0.04819451996219036,0.925,8,400
S2,Q1,uniform_unmastered,146,7.88,0.04660571458071368,0.93,8,400
S2,Q1,uniform_unmastered,147,7.885,0.04620893055631016,0.935,8,400
S2,Q1,uniform_unmastered,148,7.8925,0.04343455048044813,0.935,8,400
S2,Q1,uniform_unmastered,149,7.9,0.041629948733801575,0.94,8,400
S2,Q1,uniform_unmastered,150,7.905,0.039975229172181374,0.94,8,400
S2,Q1,uniform_unmastered,151,7.9075,0.03849910684769421,0.94,8,400
S2,Q1,uniform_unmastered,152,7.9075,0.03849910684769421,0.94,8,400
S2,Q1,uniform_unmastered,153,7.91,0.038242696814543856,0.9425,8,400
S2,Q1,uniform_unmastered,154,7.91,0.038242696814543856,0.9425,8,400
S2,Q1,uniform_unmastered,155,7.915,0.037076241979173745,0.945,8,400
S2,Q1,uniform_unmastered,156,7.92,0.03653013175880686,0.95,8,400
S2,Q1,uniform_unmastered,157,7.9275,0.03287386046320672,0.95,8,400
S2,Q1,uniform_unmastered,158,7.9325,0.03223802103107447,0.955,8,400
S2,Q1,uniform_unmastered,159,7.9325,0.03223802103107447,0.955,8,400
S2,Q1,uniform_unmastered,160,7.935,0.031149137579230417,0.955,8,400
S2,Q1,uniform_unmastered,161,7.9375,0.030018780671147455,0.955,8,400
S2,Q1,uniform_unmastered,162,7.94,0.029664888572773836,0.9575,8,400
S2,Q1,uniform_unmastered,163,7.94,0.029664888572773836,0.9575,8,400
S2,Q1,uniform_unmastered,164,7.9475,0.027708814861928534,0.9625,8,400
S2,Q1,uniform_unmastered,165,7.95,0.027316212010388467,0.965,8,400
S2,Q1,uniform_unmastered,166,7.95,0.027316212010388467,0.965,8,400
S2,Q1,uniform_unmastered,167,7.9525,0.026005994585594393,0.965,8,400
S2,Q1,uniform_unmastered,168,7.955,0.025582573564351153,0.9675,8,400
S2,Q1,uniform_unmastered,169,7.955,0.025582573564351153,0.9675,8,400
S2,Q1,uniform_unmastered,170,7.955,0.025582573564351153,0.9675,8,400
S2,Q1,uniform_unmastered,171,7.96,0.022674632243289437,0.9675,8,400
S2,Q1,uniform_unmastered,172,7.96,0.022674632243289437,0.9675,8,400
S2,Q1,uniform_unmastered,173,7.9625,0.02217958995397155,0.97,8,400
S2,Q1,uniform_unmastered,174,7.9625,0.02217958995397155,0.97,8,400
S2,Q1,uniform_unmastered,175,7.9625,0.02217958995397155,0.97,8,400
S2,Q1,uniform_unmastered,176,7.965,0.020529704623540604,0.97,8,400
S2,Q1,uniform_unmastered,177,7.965,0.020529704623540604,0.97,8,400
S2,Q1,uniform_unmastered,178,7.9675,0.018731870767655333,0.97,8,400
S2,Q1,uniform_unmastered,179,7.9675,0.018731870767655333,0.97,8,400
S2,Q1,uniform_unmastered,180,7.9675,0.018731870767655333,0.97,8,400
S2,Q1,uniform_unmastered,181,7.9675,0.018731870767655333,0.97,8,400
S2,Q1,uniform_unmastered,182,7.9725,0.017482306845252975,0.975,8,400
S2,Q1,uniform_unmastered,183,7.9725,0.017482306845252975,0.975,8,400
S2,Q1,uniform_unmastered,184,7.9725,0.017482306845252975,0.975,8,400
S2,Q1,uniform_unmastered,185,7.9725,0.017482306845252975,0.975,8,400
S2,Q1,uniform_unmastered,186,7.975,0.016817388661843694,0.9775,8,400
S2,Q1,uniform_unmastered,187,7.98,0.015389948873072629,0.9825,8,400
S2,Q1,uniform_unmastered,188,7.9825,0.01286633714694852,0.9825,8,400
S2,Q1,uniform_unmastered,189,7.985,0.01192705901897468,0.985,8,400
S2,Q1,uniform_unmastered,190,7.985,0.01192705901897468,0.985,8,400
S2,Q1,uniform_unmastered,191,7.9875,0.010901673781033358,0.9875,8,400
S2,Q1,uniform_unmastered,192,7.9875,0.010901673781033358,0.9875,8,400
S2,Q1,uniform_unmastered,193,7.9875,0.010901673781033358,0.9875,8,400
S2,Q1,uniform_unmastered,194,7.9875,0.010901673781033358,0.9875,8,400
S2,Q1,uniform_unmastered,195,7.99,0.009763088381083217,0.99,8,400
S2,Q1,uniform_unmastered,196,7.9925,0.00846575143554434,0.9925,8,400
S2,Q1,uniform_unmastered,197,7.9925,0.00846575143554434,0.9925,8,400
S2,Q1,uniform_unmastered,198,7.9925,0.00846575143554434,0.9925,8,400
S2,Q1,uniform_unmastered,199,7.9925,0.00846575143554434,0.9925,8,400
S2,Q1,uniform_unmastered,200,7.995,0.006920957240353897,0.995,8,400
S2,Q1,uniform_unmastered,201,7.995,0.006920957240353897,0.995,8,400
S2,Q1,uniform_unmastered,202,7.995,0.006920957240353897,0.995,8,400
S2,Q1,uniform_unmastered,203,7.995,0.006920957240353897,0.995,8,400
S2,Q1,uniform_unmastered,204,7.995,0.006920957240353897,0.995,8,400
S2,Q1,uniform_unmastered,205,7.995,0.006920957240353897,0.995,8,400
S2,Q1,uniform_unmastered,206,7.995,0.006920957240353897,0.995,8,400
S2,Q1,uniform_unmastered,207,7.995,0.006920957240353897,0.995,8,400
S2,Q1,uniform_unmastered,208,7.995,0.006920957240353897,0.995,8,400
S2,Q1,uniform_unmastered,209,7.995,0.006920957240353897,0.995,8,400
S2,Q1,uniform_unmastered,210,7.995,0.006920957240353897,0.995,8,400
S2,Q1,uniform_unmastered,211,7.995,0.006920957240353897,0.995,8,400
S2,Q1,uniform_unmastered,212,7.995,0.006920957240353897,0.995,8,400
S2,Q1,uniform_unmastered,213,7.995,0.006920957240353897,0.995,8,400
S2,Q1,uniform_unmastered,214,7.995,0.006920957240353897,0.995,8,400
S2,Q1,uniform_unmastered,215,7.995,0.006920957240353897,0.995,8,400
S2,Q1,uniform_unmastered,216,7.995,0.006920957240353897,0.995,8,400
S2,Q1,uniform_unmastered,217,7.995,0.006920957240353897,0.995,8,400
S2,Q1,uniform_unmastered,218,7.995,0.006920957240353897,0.995,8,400
S2,Q1,uniform_unmastered,219,7.9975,0.0049,0.9975,8,400
S2,Q1,uniform_unmastered,220,7.9975,0.0049,0.9975,8,400
S2,Q1,uniform_unmastered,221,7.9975,0.0049,0.9975,8,400
S2,Q1,uniform_unmastered,222,7.9975,0.0049,0.9975,8,400
S2,Q1,uniform_unmastered,223,8.0,0.0,1.0,8,400
S2,Q1,uniform_unmastered,224,8.0,0.0,1.0,8,400
S2,Q1,uniform_unmastered,225,8.0,0.0,1.0,8,400
S2,Q1,uniform_unmastered,226,8.0,0.0,1.0,8,400
S2,Q1,uniform_unmastered,227,8.0,0.0,1.0,8,400
S2,Q1,uniform_unmastered,228,8.0,0.0,1.0,8,400
S2,Q1,uniform_unmastered,229,8.0,0.0,1.0,8,400
S2,Q1,uniform_unmastered,230,8.0,0.0,1.0,8,400
S2,Q1,uniform_unmastered,231,8.0,0.0,1.0,8,400
S2,Q1,uniform_unmastered,232,8.0,0.0,1.0,8,400
S2,Q1,uniform_unmastered,233,8.0,0.0,1.0,8,400
S2,Q1,uniform_unmastered,234,8.0,0.0,1.0,8,400
S2,Q1,uniform_unmastered,235,8.0,0.0,1.0,8,400
S2,Q1,uniform_unmastered,236,8.0,0.0,1.0,8,400
S2,Q1,uniform_unmastered,237,8.0,0.0,1.0,8,400
S2,Q1,uniform_unmastered,238,8.0,0.0,1.0,8,400
S2,Q1,uniform_unmastered,239,8.0,0.0,1.0,8,400
S2,Q1,uniform_unmastered,240,8.0,0.0,1.0,8,400
S2,Q1,uniform_unmastered,241,8.0,0.0,1.0,8,400
S2,Q1,uniform_unmastered,242,8.0,0.0,1.0,8,400
S2,Q1,uniform_unmastered,243,8.0,0.0,1.0,8,400
S2,Q1,uniform_unmastered,244,8.0,0.0,1.0,8,400
S2,Q1,uniform_unmastered,245,8.0,0.0,1.0,8,400
S2,Q1,uniform_unmastered,246,8.0,0.0,1.0,8,400
S2,Q1,uniform_unmastered,247,8.0,0.0,1.0,8,400
S2,Q1,uniform_unmastered,248,8.0,0.0,1.0,8,400
S2,Q1,uniform_unmastered,249,8.0,0.0,1.0,8,400
S2,Q1,uniform_unmastered,250,8.0,0.0,1.0,8,400
S2,Q1,uniform_unmastered,251,8.0,0.0,1.0,8,400
S2,Q1,uniform_unmastered,252,8.0,0.0,1.0,8,400
S2,Q1,uniform_unmastered,253,8.0,0.0,1.0,8,400
S2,Q1,uniform_unmastered,254,8.0,0.0,1.0,8,400
S2,Q1,uniform_unmastered,255,8.0,0.0,1.0,8,400
S2,Q1,uniform_unmastered,256,8.0,0.0,1.0,8,400
S2,Q1,uniform_unmastered,257,8.0,0.0,1.0,8,400
S2,Q1,uniform_unmastered,258,8.0,0.0,1.0,8,400
S2,Q1,uniform_unmastered,259,8.0,0.0,1.0,8,400
S2,Q1,uniform_unmastered,260,8.0,0.0,1.0,8,400
S2,Q1,uniform_unmastered,261,8.0,0.0,1.0,8,400
S2,Q1,uniform_unmastered,262,8.0,0.0,1.0,8,400
S2,Q1,uniform_unmastered,263,8.0,0.0,1.0,8,400
S2,Q1,uniform_unmastered,264,8.0,0.0,1.0,8,400
S2,Q1,uniform_unmastered,265,8.0,0.0,1.0,8,400
S2,Q1,uniform_unmastered,266,8.0,0.0,1.0,8,400
S2,Q1,uniform_unmastered,267,8.0,0.0,1.0,8,400
S2,Q1,uniform_unmastered,268,8.0,0.0,1.0,8,400
S2,Q1,uniform_unmastered,269,8.0,0.0,1.0,8,400
S2,Q1,uniform_unmastered,270,8.0,0.0,1.0,8,400
S2,Q1,uniform_unmastered,271,8.0,0.0,1.0,8,400
S2,Q1,uniform_unmastered,272,8.0,0.0,1.0,8,400
S2,Q1,uniform_unmastered,273,8.0,0.0,1.0,8,400
S2,Q1,uniform_unmastered,274,8.0,0.0,1.0,8,400
S2,Q1,uniform_unmastered,275,8.0,0.0,1.0,8,400
S2,Q1,uniform_unmastered,276,8.0,0.0,1.0,8,400
S2,Q1,uniform_unmastered,277,8.0,0.0,1.0,8,400
S2,Q1,uniform_unmastered,278,8.0,0.0,1.0,8,400
S2,Q1,uniform_unmastered,279,8.0,0.0,1.0,8,400
S2,Q1,uniform_unmastered,280,8.0,0.0,1.0,8,400
S2,Q1,uniform_unmastered,281,8.0,0.0,1.0,8,400
S2,Q1,uniform_unmastered,282,8.0,0.0,1.0,8,400
S2,Q1,uniform_unmastered,283,8.0,0.0,1.0,8,400
S2,Q1,uniform_unmastered,284,8.0,0.0,1.0,8,400
S2,Q1,uniform_unmastered,285,8.0,0.0,1.0,8,400
S2,Q1,uniform_unmastered,286,8.0,0.0,1.0,8,400
S2,Q1,uniform_unmastered,287,8.0,0.0,1.0,8,400
S2,Q1,uniform_unmastered,288,8.0,0.0,1.0,8,400
S2,Q1,uniform_unmastered,289,8.0,0.0,1.0,8,400
S2,Q1,uniform_unmastered,290,8.0,0.0,1.0,8,400
S2,Q1,uniform_unmastered,291,8.0,0.0,1.0,8,400
S2,Q1,uniform_unmastered,292,8.0,0.0,1.0,8,400
S2,Q1,uniform_unmastered,293,8.0,0.0,1.0,8,400
S2,Q1,uniform_unmastered,294,8.0,0.0,1.0,8,400
S2,Q1,uniform_unmastered,295,8.0,0.0,1.0,8,400
S2,Q1,uniform_unmastered,296,8.0,0.0,1.0,8,400
S2,Q1,uniform_unmastered,297,8.0,0.0,1.0,8,400
S2,Q1,uniform_unmastered,298,8.0,0.0,1.0,8,400
S2,Q1,uniform_unmastered,299,8.0,0.0,1.0,8,400
S2,Q1,uniform_unmastered,300,8.0,0.0,1.0,8,400
S2,Q2,uniform_zpd,0,1.2925,0.10462587734650694,0.0,8,400
S2,Q2,uniform_zpd,1,1.4425,0.10845530488590557,0.0,8,400
S2,Q2,uniform_zpd,2,1.6075,0.10831095018429374,0.0,8,400
S2,Q2,uniform_zpd,3,1.735,0.11056890524472755,0.0,8,400
S2,Q2,uniform_zpd,4,1.8475,0.1118445796630306,0.0,8,400
S2,Q2,uniform_zpd,5,1.985,0.11122006950028902,0.0,8,400
S2,Q2,uniform_zpd,6,2.12,0.11361069877961752,0.0,8,400
S2,Q2,uniform_zpd,7,2.24,0.11304999049481249,0.0,8,400
S2,Q2,uniform_zpd,8,2.3375,0.1135256559611241,0.0,8,400
S2,Q2,uniform_zpd,9,2.48,0.11228945053634551,0.0,8,400
S2,Q2,uniform_zpd,10,2.5925,0.11406925643291402,0.0,8,400
S2,Q2,uniform_zpd,11,2.7225,0.11674105172515252,0.0,8,400
S2,Q2,uniform_zpd,12,2.86,0.11857838624391262,0.0,8,400
S2,Q2,uniform_zpd,13,2.9625,0.11840343241231457,0.0,8,400
S2,Q2,uniform_zpd,14,3.06,0.1188217240459974,0.0,8,400
S2,Q2,uniform_zpd,15,3.185,0.12120341897788948,0.0,8,400
S2,Q2,uniform_zpd,16,3.3025,0.12160861652874391,0.0,8,400
S2,Q2,uniform_zpd,17,3.4275,0.1215591235832004,0.0,8,400
S2,Q2,uniform_zpd,18,3.5575,0.12340445057230565,0.0,8,400
S2,Q2,uniform_zpd,19,3.66,0.12370470782004257,0.0,8,400
S2,Q2,uniform_zpd,20,3.755,0.12450282037247892,0.0,8,400
S2,Q2,uniform_zpd,21,3.855,0.12485033004474075,0.0,8,400
S2,Q2,uniform_zpd,22,3.94,0.12571202959925876,0.0,8,400
S2,Q2,uniform_zpd,23,4.0325,0.12609605987416686,0.0,8,400
S2,Q2,uniform_zpd,24,4.1525,0.12601204133495938,0.0,8,400
S2,Q2,uniform_zpd,25,4.26,0.12727240574122062,0.0,8,400
S2,Q2,uniform_zpd,26,4.3875,0.12555660287820702,0.0,8,400
S2,Q2,uniform_zpd,27,4.5025,0.1256581669143741,0.0,8,400
S2,Q2,uniform_zpd,28,4.605,0.12638325727444377,0.0,8,400
S2,Q2,uniform_zpd,29,4.72,0.12855950086694445,0.0025,8,400
S2,Q2,uniform_zpd,30,4.8525,0.1302020137554136,0.0025,8,400
S2,Q2,uniform_zpd,31,4.975,0.1328965433262663,0.0075,8,400
S2,Q2,uniform_zpd,32,5.06,0.1340515951991568,0.01,8,400
S2,Q2,uniform_zpd,33,5.1825,0.1357571057233689,0.0175,8,400
S2,Q2,uniform_zpd,34,5.3,0.137020935780286,0.03,8,400
S2,Q2,uniform_zpd,35,5.405,0.1391467154519022,0.05,8,400
S2,Q2,uniform_zpd,36,5.535,0.14366772824942586,0.08,8,400
S2,Q2,uniform_zpd,37,5.6275,0.14333120581856384,0.095,8,400
S2,Q2,uniform_zpd,38,5.7025,0.14198985446830287,0.1025,8,400
S2,Q2,uniform_zpd,39,5.78,0.1432591860439145,0.12,8,400
S2,Q2,uniform_zpd,40,5.86,0.14388954828361633,0.135,8,400
S2,Q2,uniform_zpd,41,5.9525,0.1458779693093668,0.165,8,400
S2,Q2,uniform_zpd,42,6.045,0.14580308037080025,0.19,8,400
S2,Q2,uniform_zpd,43,6.1475,0.1460593588777846,0.215,8,400
S2,Q2,uniform_zpd,44,6.24,0.14512215785935095,0.24,8,400
S2,Q2,uniform_zpd,45,6.2975,0.14434363056335572,0.2575,8,400
S2,Q2,uniform_zpd,46,6.3775,0.14270006392995777,0.2775,8,400
S2,Q2,uniform_zpd,47,6.49,0.14202057671522925,0.31,8,400
S2,Q2,uniform_zpd,48,6.5925,0.13968085993284457,0.34,8,400
S2,Q2,uniform_zpd,49,6.67,0.13653170571946527,0.3625,8,400
S2,Q2,uniform_zpd,50,6.73,0.13603717758102205,0.39,8,400
S2,Q2,uniform_zpd,51,6.8175,0.1343311912675847,0.425,8,400
S2,Q2,uniform_zpd,52,6.8775,0.13373137319058157,0.4525,8,400
S2,Q2,uniform_zpd,53,6.92,0.13286846681468184,0.4725,8,400
S2,Q2,uniform_zpd,54,6.97,0.13087895036682867,0.495,8,400
S2,Q2,uniform_zpd,55,7.015,0.12830367759425496,0.515,8,400
S2,Q2,uniform_zpd,56,7.055,0.12630705276803575,0.525,8,400
S2,Q2,uniform_zpd,57,7.1025,0.12477391273116996,0.5475,8,400
S2,Q2,uniform_zpd,58,7.135,0.12163953939348689,0.5575,8,400
S2,Q2,uniform_zpd,59,7.1875,0.11906229019873767,0.58,8,400
S2,Q2,uniform_zpd,60,7.2375,0.11614572289743785,0.605,8,400
S2,Q2,uniform_zpd,61,7.26,0.11368694473645061,0.6125,8,400
S2,Q2,uniform_zpd,62,7.3,0.11230659789088333,0.6375,8,400
S2,Q2,uniform_zpd,63,7.34,0.11033463612947914,0.6525,8,400
S2,Q2,uniform_zpd,64,7.3675,0.10937246277758898,0.67,8,400
S2,Q2,uniform_zpd,65,7.39,0.1076178684700412,0.6775,8,400
S2,Q2,uniform_zpd,66,7.435,0.10387925852102138,0.6975,8,400
S2,Q2,uniform_zpd,67,7.4575,0.10235822287180296,0.7075,8,400
S2,Q2,uniform_zpd,68,7.4725,0.10193642411524698,0.7175,8,400
S2,Q2,uniform_zpd,69,7.485,0.10005511814328474,0.725,8,400
S2,Q2,uniform_zpd,70,7.505,0.0983665076362956,0.7275,8,400
S2,Q2,uniform_zpd,71,7.52,0.09810310365818413,0.74,8,400
S2,Q2,uniform_zpd,72,7.545,0.09528394132110726,0.7475,8,400
S2,Q2,uniform_zpd,73,7.555,0.09472655753142509,0.7525,8,400
S2,Q2,uniform_zpd,74,7.57,0.09437652101713775,0.765,8,400
S2,Q2,uniform_zpd,75,7.585,0.09374572925944927,0.775,8,400
S2,Q2,uniform_zpd,76,7.5925,0.09342004086430127,0.78,8,400
S2,Q2,uniform_zpd,77,7.6025,0.09123270516228306,0.78,8,400
S2,Q2,uniform_zpd,78,7.62,0.08996308014665619,0.79,8,400
S2,Q2,uniform_zpd,79,7.6325,0.08789758094988795,0.795,8,400
S2,Q2,uniform_zpd,80,7.655,0.0850319939787372,0.81,8,400
S2,Q2,uniform_zpd,81,7.6575,0.08498775247160875,0.8125,8,400
S2,Q2,uniform_zpd,82,7.6725,0.08385009284535969,0.825,8,400
S2,Q2,uniform_zpd,83,7.6975,0.0806753696189729,0.835,8,400
S2,Q2,uniform_zpd,84,7.7025,0.08055593784946594,0.84,8,400
S2,Q2,uniform_zpd,85,7.7125,0.07879467543681479,0.8425,8,400
S2,Q2,uniform_zpd,86,7.72,0.0782893956655958,0.8475,8,400
S2,Q2,uniform_zpd,87,7.7225,0.07822134249073351,0.85,8,400
S2,Q2,uniform_zpd,88,7.7375,0.0762328209005553,0.8575,8,400
S2,Q2,uniform_zpd,89,7.745,0.07504785373931218,0.86,8,400
S2,Q2,uniform_zpd,90,7.7475,0.07496883212024638,0.8625,8,400
S2,Q2,uniform_zpd,91,7.765,0.07209016284450583,0.87,8,400
S2,Q2,uniform_zpd,92,7.7725,0.07080789058022455,0.87,8,400
S2,Q2,uniform_zpd,93,7.78,0.0694941724175488,0.875,8,400
S2,Q2,uniform_zpd,94,7.79,0.06697550219846689,0.8775,8,400
S2,Q2,uniform_zpd,95,7.7925,0.0668707485941638,0.88,8,400
S2,Q2,uniform_zpd,96,7.7925,0.0668707485941638,0.88,8,400
S2,Q2,uniform_zpd,97,7.8025,0.06497575391244974,0.8875,8,400
S2,Q2,uniform_zpd,98,7.8125,0.06185186746390063,0.8925,8,400
S2,Q2,uniform_zpd,99,7.815,0.06094480102461427,0.8925,8,400
S2,Q2,uniform_zpd,100,7.8275,0.05868885694767415,0.8975,8,400
S2,Q2,uniform_zpd,101,7.8325,0.05800404250884951,0.9,8,400
S2,Q2,uniform_zpd,102,7.8375,0.05688527235169324,0.9025,8,400
S2,Q2,uniform_zpd,103,7.8375,0.05688527235169324,0.9025,8,400
S2,Q2,uniform_zpd,104,7.8425,0.056169906721060446,0.905,8,400
S2,Q2,uniform_zpd,105,7.86,0.054225571749673115,0.9175,8,400
S2,Q2,uniform_zpd,106,7.8675,0.05145073098895919,0.92,8,400
S2,Q2,uniform_zpd,107,7.8725,0.050152499019438065,0.92,8,400
S2,Q2,uniform_zpd,108,7.8725,0.050152499019438065,0.92,8,400
S2,Q2,uniform_zpd,109,7.875,0.049,0.92,8,400
S2,Q2,uniform_zpd,110,7.88,0.048130174362976556,0.9225,8,400
S2,Q2,uniform_zpd,111,7.88,0.048130174362976556,0.9225,8,400
S2,Q2,uniform_zpd,112,7.8825,0.04743437387129089,0.9225,8,400
S2,Q2,uniform_zpd,113,7.8825,0.04743437387129089,0.9225,8,400
S2,Q2,uniform_zpd,114,7.8825,0.04743437387129089,0.9225,8,400
S2,Q2,uniform_zpd,115,7.885,0.04723924179019262,0.925,8,400
S2,Q2,uniform_zpd,116,7.8875,0.04704202115540918,0.9275,8,400
S2,Q2,uniform_zpd,117,7.89,0.04684268558678565,0.93,8,400
S2,Q2,uniform_zpd,118,7.895,0.046437560417660395,0.935,8,400
S2,Q2,uniform_zpd,119,7.8975,0.0462317142609786,0.9375,8,400
S2,Q2,uniform_zpd,120,7.8975,0.0462317142609786,0.9375,8,400
S2,Q2,uniform_zpd,121,7.8975,0.0462317142609786,0.9375,8,400
S2,Q2,uniform_zpd,122,7.9025,0.04366116946782628,0.9375,8,400
S2,Q2,uniform_zpd,123,7.9075,0.04265165511689466,0.94,8,400
S2,Q2,uniform_zpd,124,7.91,0.04184908559230752,0.94,8,400
S2,Q2,uniform_zpd,125,7.9125,0.04161187625683364,0.9425,8,400
S2,Q2,uniform_zpd,126,7.915,0.041371852453553445,0.945,8,400
S2,Q2,uniform_zpd,127,7.915,0.041371852453553445,0.945,8,400
S2,Q2,uniform_zpd,128,7.92,0.040290105876988544,0.9475,8,400
S2,Q2,uniform_zpd,129,7.9275,0.037652000715695536,0.95,8,400
S2,Q2,uniform_zpd,130,7.9325,0.03709814626285727,0.955,8,400
S2,Q2,uniform_zpd,131,7.935,0.0368156431282596,0.9575,8,400
S2,Q2,uniform_zpd,132,7.9375,0.036529308108383236,0.96,8,400
S2,Q2,uniform_zpd,133,7.9375,0.036529308108383236,0.96,8,400
S2,Q2,uniform_zpd,134,7.9425,0.0352687750174013,0.9625,8,400
S2,Q2,uniform_zpd,135,7.945,0.03355955167715936,0.9625,8,400
S2,Q2,uniform_zpd,136,7.9475,0.033237943335786925,0.965,8,400
S2,Q2,uniform_zpd,137,7.9525,0.032579664844861564,0.97,8,400
S2,Q2,uniform_zpd,138,7.955,0.03224268718939199,0.9725,8,400
S2,Q2,uniform_zpd,139,7.9625,0.029615148447101523,0.975,8,400
S2,Q2,uniform_zpd,140,7.9625,0.029615148447101523,0.975,8,400
S2,Q2,uniform_zpd,141,7.965,0.02573267429389704,0.975,8,400
S2,Q2,uniform_zpd,142,7.965,0.02573267429389704,0.975,8,400
S2,Q2,uniform_zpd,143,7.965,0.02573267429389704,0.975,8,400
S2,Q2,uniform_zpd,144,7.9675,0.025292787266714956,0.9775,8,400
S2,Q2,uniform_zpd,145,7.97,0.02484269104275167,0.98,8,400
S2,Q2,uniform_zpd,146,7.97,0.02484269104275167,0.98,8,400
S2,Q2,uniform_zpd,147,7.9725,0.024381820233418523,0.9825,8,400
S2,Q2,uniform_zpd,148,7.9775,0.022374080398626678,0.985,8,400
S2,Q2,uniform_zpd,149,7.98,0.021852969608310773,0.9875,8,400
S2,Q2,uniform_zpd,150,7.98,0.021852969608310773,0.9875,8,400
S2,Q2,uniform_zpd,151,7.9825,0.021316302138084487,0.99,8,400
S2,Q2,uniform_zpd,152,7.9825,0.021316302138084487,0.99,8,400
S2,Q2,uniform_zpd,153,7.985,0.02076287172106169,0.9925,8,400
S2,Q2,uniform_zpd,154,7.985,0.02076287172106169,0.9925,8,400
S2,Q2,uniform_zpd,155,7.985,0.02076287172106169,0.9925,8,400
S2,Q2,uniform_zpd,156,7.985,0.02076287172106169,0.9925,8,400
S2,Q2,uniform_zpd,157,7.985,0.02076287172106169,0.9925,8,400
S2,Q2,uniform_zpd,158,7.985,0.02076287172106169,0.9925,8,400
S2,Q2,uniform_zpd,159,7.9875,0.016225521374046786,0.9925,8,400
S2,Q2,uniform_zpd,160,7.9875,0.016225521374046786,0.9925,8,400
S2,Q2,uniform_zpd,161,7.9875,0.016225521374046786,0.9925,8,400
S2,Q2,uniform_zpd,162,7.9875,0.016225521374046786,0.9925,8,400
S2,Q2,uniform_zpd,163,7.9875,0.016225521374046786,0.9925,8,400
S2,Q2,uniform_zpd,164,7.9875,0.016225521374046786,0.9925,8,400
S2,Q2,uniform_zpd,165,7.9875,0.016225521374046786,0.9925,8,400
S2,Q2,uniform_zpd,166,7.9875,0.016225521374046786,0.9925,8,400
S2,Q2,uniform_zpd,167,7.9875,0.016225521374046786,0.9925,8,400
S2,Q2,uniform_zpd,168,7.9875,0.016225521374046786,0.9925,8,400
S2,Q2,uniform_zpd,169,7.9875,0.016225521374046786,0.9925,8,400
S2,Q2,uniform_zpd,170,7.9875,0.016225521374046786,0.9925,8,400
S2,Q2,uniform_zpd,171,7.9875,0.016225521374046786,0.9925,8,400
S2,Q2,uniform_zpd,172,7.9875,0.016225521374046786,0.9925,8,400
S2,Q2,uniform_zpd,173,7.9875,0.016225521374046786,0.9925,8,400
S2,Q2,uniform_zpd,174,7.9875,0.016225521374046786,0.9925,8,400
S2,Q2,uniform_zpd,175,7.9875,0.016225521374046786,0.9925,8,400
S2,Q2,uniform_zpd,176,7.9875,0.016225521374046786,0.9925,8,400
S2,Q2,uniform_zpd,177,7.9875,0.016225521374046786,0.9925,8,400
S2,Q2,uniform_zpd,178,7.9875,0.016225521374046786,0.9925,8,400
S2,Q2,uniform_zpd,179,7.9875,0.016225521374046786,0.9925,8,400
S2,Q2,uniform_zpd,180,7.9875,0.016225521374046786,0.9925,8,400
S2,Q2,uniform_zpd,181,7.9875,0.016225521374046786,0.9925,8,400
S2,Q2,uniform_zpd,182,7.9875,0.016225521374046786,0.9925,8,400
S2,Q2,uniform_zpd,183,7.9875,0.016225521374046786,0.9925,8,400
S2,Q2,uniform_zpd,184,7.9875,0.016225521374046786,0.9925,8,400
S2,Q2,uniform_zpd,185,7.9875,0.016225521374046786,0.9925,8,400
S2,Q2,uniform_zpd,186,7.99,0.015483505655000132,0.995,8,400
S2,Q2,uniform_zpd,187,7.9925,0.010945743384787258,0.995,8,400
S2,Q2,uniform_zpd,188,7.9925,0.010945743384787258,0.995,8,400
S2,Q2,uniform_zpd,189,7.9925,0.010945743384787258,0.995,8,400
S2,Q2,uniform_zpd,190,7.9925,0.010945743384787258,0.995,8,400
S2,Q2,uniform_zpd,191,7.9925,0.010945743384787258,0.995,8,400
S2,Q2,uniform_zpd,192,7.9925,0.010945743384787258,0.995,8,400
S2,Q2,uniform_zpd,193,7.9925,0.010945743384787258,0.995,8,400
S2,Q2,uniform_zpd,194,7.9925,0.010945743384787258,0.995,8,400
S2,Q2,uniform_zpd,195,7.9925,0.010945743384787258,0.995,8,400
S2,Q2,uniform_zpd,196,7.9925,0.010945743384787258,0.995,8,400
S2,Q2,uniform_zpd,197,7.9925,0.010945743384787258,0.995,8,400
S2,Q2,uniform_zpd,198,7.9925,0.010945743384787258,0.995,8,400
S2,Q2,uniform_zpd,199,7.9925,0.010945743384787258,0.995,8,400
S2,Q2,uniform_zpd,200,7.995,0.006920957240353897,0.995,8,400
S2,Q2,uniform_zpd,201,7.995,0.006920957240353897,0.995,8,400
S2,Q2,uniform_zpd,202,7.995,0.006920957240353897,0.995,8,400
S2,Q2,uniform_zpd,203,7.995,0.006920957240353897,0.995,8,400
S2,Q2,uniform_zpd,204,7.995,0.006920957240353897,0.995,8,400
S2,Q2,uniform_zpd,205,7.995,0.006920957240353897,0.995,8,400
S2,Q2,uniform_zpd,206,7.995,0.006920957240353897,0.995,8,400
S2,Q2,uniform_zpd,207,7.9975,0.0049,0.9975,8,400
S2,Q2,uniform_zpd,208,7.9975,0.0049,0.9975,8,400
S2,Q2,uniform_zpd,209,7.9975,0.0049,0.9975,8,400
S2,Q2,uniform_zpd,210,7.9975,0.0049,0.9975,8,400
S2,Q2,uniform_zpd,211,8.0,0.0,1.0,8,400
S2,Q2,uniform_zpd,212,8.0,0.0,1.0,8,400
S2,Q2,uniform_zpd,213,8.0,0.0,1.0,8,400
S2,Q2,uniform_zpd,214,8.0,0.0,1.0,8,400
S2,Q2,uniform_zpd,215,8.0,0.0,1.0,8,400
S2,Q2,uniform_zpd,216,8.0,0.0,1.0,8,400
S2,Q2,uniform_zpd,217,8.0,0.0,1.0,8,400
S2,Q2,uniform_zpd,218,8.0,0.0,1.0,8,400
S2,Q2,uniform_zpd,219,8.0,0.0,1.0,8,400
S2,Q2,uniform_zpd,220,8.0,0.0,1.0,8,400
S2,Q2,uniform_zpd,221,8.0,0.0,1.0,8,400
S2,Q2,uniform_zpd,222,8.0,0.0,1.0,8,400
S2,Q2,uniform_zpd,223,8.0,0.0,1.0,8,400
S2,Q2,uniform_zpd,224,8.0,0.0,1.0,8,400
S2,Q2,uniform_zpd,225,8.0,0.0,1.0,8,400
S2,Q2,uniform_zpd,226,8.0,0.0,1.0,8,400
S2,Q2,uniform_zpd,227,8.0,0.0,1.0,8,400
S2,Q2,uniform_zpd,228,8.0,0.0,1.0,8,400
S2,Q2,uniform_zpd,229,8.0,0.0,1.0,8,400
S2,Q2,uniform_zpd,230,8.0,0.0,1.0,8,400
S2,Q2,uniform_zpd,231,8.0,0.0,1.0,8,400
S2,Q2,uniform_zpd,232,8.0,0.0,1.0,8,400
S2,Q2,uniform_zpd,233,8.0,0.0,1.0,8,400
S2,Q2,uniform_zpd,234,8.0,0.0,1.0,8,400
S2,Q2,uniform_zpd,235,8.0,0.0,1.0,8,400
S2,Q2,uniform_zpd,236,8.0,0.0,1.0,8,400
S2,Q2,uniform_zpd,237,8.0,0.0,1.0,8,400
S2,Q2,uniform_zpd,238,8.0,0.0,1.0,8,400
S2,Q2,uniform_zpd,239,8.0,0.0,1.0,8,400
S2,Q2,uniform_zpd,240,8.0,0.0,1.0,8,400
S2,Q2,uniform_zpd,241,8.0,0.0,1.0,8,400
S2,Q2,uniform_zpd,242,8.0,0.0,1.0,8,400
S2,Q2,uniform_zpd,243,8.0,0.0,1.0,8,400
S2,Q2,uniform_zpd,244,8.0,0.0,1.0,8,400
S2,Q2,uniform_zpd,245,8.0,0.0,1.0,8,400
S2,Q2,uniform_zpd,246,8.0,0.0,1.0,8,400
S2,Q2,uniform_zpd,247,8.0,0.0,1.0,8,400
S2,Q2,uniform_zpd,248,8.0,0.0,1.0,8,400
S2,Q2,uniform_zpd,249,8.0,0.0,1.0,8,400
S2,Q2,uniform_zpd,250,8.0,0.0,1.0,8,400
S2,Q2,uniform_zpd,251,8.0,0.0,1.0,8,400
S2,Q2,uniform_zpd,252,8.0,0.0,1.0,8,400
S2,Q2,uniform_zpd,253,8.0,0.0,1.0,8,400
S2,Q2,uniform_zpd,254,8.0,0.0,1.0,8,400
S2,Q2,uniform_zpd,255,8.0,0.0,1.0,8,400
S2,Q2,uniform_zpd,256,8.0,0.0,1.0,8,400
S2,Q2,uniform_zpd,257,8.0,0.0,1.0,8,400
S2,Q2,uniform_zpd,258,8.0,0.0,1.0,8,400
S2,Q2,uniform_zpd,259,8.0,0.0,1.0,8,400
S2,Q2,uniform_zpd,260,8.0,0.0,1.0,8,400
S2,Q2,uniform_zpd,261,8.0,0.0,1.0,8,400
S2,Q2,uniform_zpd,262,8.0,0.0,1.0,8,400
S2,Q2,uniform_zpd,263,8.0,0.0,1.0,8,400
S2,Q2,uniform_zpd,264,8.0,0.0,1.0,8,400
S2,Q2,uniform_zpd,265,8.0,0.0,1.0,8,400
S2,Q2,uniform_zpd,266,8.0,0.0,1.0,8,400
S2,Q2,uniform_zpd,267,8.0,0.0,1.0,8,400
S2,Q2,uniform_zpd,268,8.0,0.0,1.0,8,400
S2,Q2,uniform_zpd,269,8.0,0.0,1.0,8,400
S2,Q2,uniform_zpd,270,8.0,0.0,1.0,8,400
S2,Q2,uniform_zpd,271,8.0,0.0,1.0,8,400
S2,Q2,uniform_zpd,272,8.0,0.0,1.0,8,400
S2,Q2,uniform_zpd,273,8.0,0.0,1.0,8,400
S2,Q2,uniform_zpd,274,8.0,0.0,1.0,8,400
S2,Q2,uniform_zpd,275,8.0,0.0,1.0,8,400
S2,Q2,uniform_zpd,276,8.0,0.0,1.0,8,400
S2,Q2,uniform_zpd,277,8.0,0.0,1.0,8,400
S2,Q2,uniform_zpd,278,8.0,0.0,1.0,8,400
S2,Q2,uniform_zpd,279,8.0,0.0,1.0,8,400
S2,Q2,uniform_zpd,280,8.0,0.0,1.0,8,400
S2,Q2,uniform_zpd,281,8.0,0.0,1.0,8,400
S2,Q2,uniform_zpd,282,8.0,0.0,1.0,8,400
S2,Q2,uniform_zpd,283,8.0,0.0,1.0,8,400
S2,Q2,uniform_zpd,284,8.0,0.0,1.0,8,400
S2,Q2,uniform_zpd,285,8.0,0.0,1.0,8,400
S2,Q2,uniform_zpd,286,8.0,0.0,1.0,8,400
S2,Q2,uniform_zpd,287,8.0,0.0,1.0,8,400
S2,Q2,uniform_zpd,288,8.0,0.0,1.0,8,400
S2,Q2,uniform_zpd,289,8.0,0.0,1.0,8,400
S2,Q2,uniform_zpd,290,8.0,0.0,1.0,8,400
S2,Q2,uniform_zpd,291,8.0,0.0,1.0,8,400
S2,Q2,uniform_zpd,292,8.0,0.0,1.0,8,400
S2,Q2,uniform_zpd,293,8.0,0.0,1.0,8,400
S2,Q2,uniform_zpd,294,8.0,0.0,1.0,8,400
S2,Q2,uniform_zpd,295,8.0,0.0,1.0,8,400
S2,Q2,uniform_zpd,296,8.0,0.0,1.0,8,400
S2,Q2,uniform_zpd,297,8.0,0.0,1.0,8,400
S2,Q2,uniform_zpd,298,8.0,0.0,1.0,8,400
S2,Q2,uniform_zpd,299,8.0,0.0,1.0,8,400
S2,Q2,uniform_zpd,300,8.0,0.0,1.0,8,400
