arm,parameter,tutor_value,student_value,error,calib_mean_belief,calib_frac_known,calib_gap,calib_gap_ci95,n_declared,false_alarm_rate,delay_on_concept_mean
one student,p_G,0.05,0.25,-0.2,0.8393931096024572,0.776875,-0.06251810960245718,0.007631879049108538,1600,0.170625,1.790504898266767
one student,p_G,0.15,0.25,-0.1,0.800578976190145,0.7753333333333333,-0.025245642856811634,0.00668066623160511,1600,0.12375,2.1048502139800287
one student,p_G,0.25,0.25,0.0,0.7737184166359891,0.7760416666666666,0.0023232500306775705,0.006339959956845784,1600,0.04625,3.0563564875491482
one student,p_G,0.35,0.25,0.09999999999999998,0.7490747321510344,0.7725416666666667,0.02346693451563231,0.00577561879861805,1600,0.029375,3.2762395363811976
one student,p_G,0.45,0.25,0.2,0.7336858028658161,0.783,0.049314197134183946,0.005834624261180508,1600,0.0125,4.334177215189873
one student,p_S,0.02,0.1,-0.08,0.7441475512663261,0.7726666666666666,0.028519115400340467,0.005648997170101257,1600,0.029375,3.2762395363811976
one student,p_S,0.05,0.1,-0.05,0.7576483122307269,0.773125,0.015476687769273023,0.005868383202812995,1600,0.04375,3.077777777777778
one student,p_S,0.1,0.1,0.0,0.7737184166359891,0.7760416666666666,0.0023232500306775705,0.006339959956845784,1600,0.04625,3.0563564875491482
one student,p_S,0.2,0.1,0.1,0.7933790802111969,0.770375,-0.02300408021119682,0.008327782390152017,1600,0.06375,2.8618157543391187
one student,p_S,0.3,0.1,0.19999999999999998,0.8128463046507594,0.7762083333333333,-0.03663797131742608,0.007744523446882874,1600,0.07,2.8219086021505375
one student,p_T,0.05,0.2,-0.15000000000000002,0.643442223509913,0.7766666666666666,0.13322444315675364,0.005235017772172321,1600,0.013125,4.3350221659278025
one student,p_T,0.1,0.2,-0.1,0.7005531033280368,0.7737083333333333,0.07315523000529656,0.00512661647902319,1600,0.02875,3.362934362934363
one student,p_T,0.2,0.2,0.0,0.7737184166359891,0.7760416666666666,0.0023232500306775705,0.006339959956845784,1600,0.04625,3.0563564875491482
one student,p_T,0.3,0.2,0.09999999999999998,0.826613007009851,0.7740416666666666,-0.052571340343184336,0.00789626657460158,1600,0.10625,2.2664335664335664
one student,p_T,0.4,0.2,0.2,0.8661960893837601,0.772375,-0.0938210893837601,0.009519992242605892,1600,0.155625,1.8786084381939305
