parameter,value,calib_mean_belief,calib_frac_known,calib_gap,n_declared,false_alarm_rate,delay_on_concept_mean
p_G,0.05,0.7875615224489863,0.7977777777777778,0.010216255328791557,240,0.0,2.1416666666666666
p_G,0.15,0.7803200469581971,0.7886111111111112,0.00829106415291403,240,0.041666666666666664,2.2130434782608694
p_G,0.25,0.7600881661180607,0.7538888888888889,-0.006199277229171796,240,0.06666666666666667,3.1294642857142856
p_G,0.35,0.7731464463443553,0.7733333333333333,0.00018688698897806333,240,0.09166666666666666,3.1513761467889907
p_G,0.45,0.7711723403975166,0.7688888888888888,-0.002283451508627743,240,0.058333333333333334,3.7831858407079646
p_S,0.02,0.7766472772957724,0.7836111111111111,0.006963833815338716,240,0.025,2.8675213675213675
p_S,0.05,0.763613789707127,0.7622222222222222,-0.0013915674849047655,240,0.05416666666666667,2.881057268722467
p_S,0.1,0.7600881661180607,0.7538888888888889,-0.006199277229171796,240,0.06666666666666667,3.1294642857142856
p_S,0.2,0.7819708708804598,0.7816666666666666,-0.00030420421379317997,240,0.07083333333333333,3.3946188340807173
p_S,0.3,0.786621242717097,0.7755555555555556,-0.011065687161541438,240,0.07083333333333333,3.6502242152466366
p_T,0.05,0.2658679954218342,0.25805555555555554,-0.007812439866278664,170,0.07647058823529412,4.261146496815287
p_T,0.1,0.528440123760956,0.5263888888888889,-0.0020512348720670426,234,0.10256410256410256,3.4380952380952383
p_T,0.2,0.7600881661180607,0.7538888888888889,-0.006199277229171796,240,0.06666666666666667,3.1294642857142856
p_T,0.3,0.876572839444448,0.8877777777777778,0.011204938333329806,240,0.020833333333333332,2.178723404255319
p_T,0.4,0.9209502359755208,0.92,-0.0009502359755207967,240,0.041666666666666664,1.8130434782608695
p_L0,0.05,0.7452652453272159,0.75,0.004734754672784058,240,0.05,3.1008771929824563
p_L0,0.15,0.7600881661180607,0.7538888888888889,-0.006199277229171796,240,0.06666666666666667,3.1294642857142856
p_L0,0.3,0.8166983791379241,0.8216666666666667,0.004968287528742565,240,0.07083333333333333,2.8161434977578477
p_L0,0.5,0.8786264452812886,0.8805555555555555,0.0019291102742668986,240,0.075,2.418918918918919
