block,seed0,student,diff_Q2_minus_Q1,ci95_within_block,sign_resolved_in_block,n_learners,n_steps
0,4242,S1,0.2675,2.2577205315919704,False,400,300
0,4242,S2,-22.4275,4.316189863330364,True,400,300
1,104242,S1,0.9575,2.574895796665219,False,400,300
1,104242,S2,-22.5625,3.868594994627396,True,400,300
2,204242,S1,0.3525,2.3772815824552005,False,400,300
2,204242,S2,-22.9325,4.1480598710130465,True,400,300
3,304242,S1,0.4625,2.2330706899111705,False,400,300
3,304242,S2,-25.61,3.8772050512092866,True,400,300
4,404242,S1,-0.925,2.1437613157596087,False,400,300
4,404242,S2,-24.305,4.594676835857437,True,400,300
5,504242,S1,1.0775,2.1634259533466897,False,400,300
5,504242,S2,-20.6625,4.048735276320162,True,400,300
