step,zpd,asked,question,answer,pick_in_zpd,true_before,true_after,belief_before,belief_after,declared_mastered
1,"A1, A2",A1,A1.q4,right,True,not yet,not yet,0.15,0.462,False
2,"A1, A2",A1,A1.q5,wrong,True,not yet,known,0.462,0.21,False
3,"A1, A2",A1,A1.q4,right,True,known,known,0.21,0.551,False
4,"A1, A2",A1,A1.q3,right,True,known,known,0.551,0.837,False
5,"A1, A2",A1,A1.q4,right,True,known,known,0.837,0.955,True
6,"A2, B1",A2,A2.q3,right,True,not yet,not yet,0.15,0.462,False
7,"A2, B1",A2,A2.q2,wrong,True,not yet,not yet,0.462,0.21,False
8,"A2, B1",A2,A2.q3,right,True,not yet,not yet,0.21,0.551,False
9,"A2, B1",A2,A2.q4,wrong,True,not yet,not yet,0.551,0.244,False
10,"A2, B1",A2,A2.q5,wrong,True,not yet,not yet,0.244,0.156,False
11,"A2, B1",A2,A2.q1,wrong,True,not yet,not yet,0.156,0.141,False
12,"A2, B1",A2,A2.q2,wrong,True,not yet,not yet,0.141,0.139,False
13,"A2, B1",B1,B1.q3,right,True,known,known,0.15,0.462,False
14,"A2, B1",A2,A2.q5,right,True,not yet,not yet,0.139,0.443,False
15,"A2, B1",A2,A2.q4,wrong,True,not yet,not yet,0.443,0.204,False
16,"A2, B1",A2,A2.q2,wrong,True,not yet,not yet,0.204,0.149,False
17,"A2, B1",B1,B1.q2,right,True,known,known,0.462,0.785,False
18,"A2, B1",B1,B1.q5,right,True,known,known,0.785,0.938,True
19,A2,A2,A2.q4,wrong,True,not yet,not yet,0.149,0.14,False
20,A2,A2,A2.q3,wrong,True,not yet,not yet,0.14,0.139,False
