parameter,spread,tutor_arm,tutor_value,n_learners,calib_mean_belief,calib_frac_known,calib_gap,abs_calib_gap,calib_gap_ci95,n_declared,false_alarm_rate,delay_on_concept_mean
p_S,0.05,fixed,0.02,60,0.7456109103132718,0.7768055555555555,0.03119464524228377,0.03119464524228377,0.010201488960818472,480,0.035416666666666666,3.3390928725701943
p_S,0.05,fixed,0.05,60,0.7513767420600554,0.7625,0.011123257939944509,0.011123257939944509,0.010364112229730707,480,0.05,3.1052631578947367
p_S,0.05,fixed,0.1,60,0.7678189482266616,0.7654166666666666,-0.002402281559995001,0.002402281559995001,0.01066018458315339,480,0.052083333333333336,3.0791208791208793
p_S,0.05,fixed,0.2,60,0.7928153833447814,0.7670833333333333,-0.02573205001144807,0.02573205001144807,0.013453936048348786,480,0.07083333333333333,2.8721973094170403
p_S,0.05,fixed,0.3,60,0.8153910868085174,0.77875,-0.0366410868085173,0.0366410868085173,0.012427435339963478,480,0.07083333333333333,2.8295964125560538
p_S,0.05,oracle,,60,0.7682773697555575,0.7681944444444444,-8.29253111130912e-05,8.29253111130912e-05,0.009421275622109346,480,0.05,3.067982456140351
p_S,0.1,fixed,0.02,60,0.7425530214584837,0.7769444444444444,0.03439142298596076,0.03439142298596076,0.012494682857047693,480,0.03125,3.3870967741935485
p_S,0.1,fixed,0.05,60,0.7517341226859927,0.7652777777777777,0.013543655091785012,0.013543655091785012,0.011253546288726036,480,0.052083333333333336,3.0791208791208793
p_S,0.1,fixed,0.1,60,0.7685744429717354,0.7656944444444445,-0.002879998527290928,0.002879998527290928,0.010614747967620674,480,0.05625,3.06401766004415
p_S,0.1,fixed,0.2,60,0.7981039785548932,0.7763888888888889,-0.021715089666004328,0.021715089666004328,0.014711828796849565,480,0.07291666666666667,2.8808988764044945
p_S,0.1,fixed,0.3,60,0.8181335253416521,0.7815277777777778,-0.03660574756387425,0.03660574756387425,0.014797748456266312,480,0.07083333333333333,2.8385650224215246
p_S,0.1,oracle,,60,0.7722351667540497,0.7683333333333333,-0.003901833420716372,0.003901833420716372,0.012447362564252832,480,0.05,3.0065789473684212
p_S,0.15,fixed,0.02,60,0.7324632671056632,0.7754166666666666,0.042953399561003414,0.042953399561003414,0.015318798842478828,480,0.025,3.485042735042735
p_S,0.15,fixed,0.05,60,0.7465572714311319,0.7676388888888889,0.02108161745775694,0.02108161745775694,0.011441984756025744,480,0.05,3.1951754385964914
p_S,0.15,fixed,0.1,60,0.7650006416381574,0.7686111111111111,0.0036104694729537368,0.0036104694729537368,0.011238435453544438,480,0.052083333333333336,3.134065934065934
p_S,0.15,fixed,0.2,60,0.7938741827698715,0.7806944444444445,-0.01317973832542707,0.01317973832542707,0.01596317284237649,480,0.06666666666666667,2.9575892857142856
p_S,0.15,fixed,0.3,60,0.815262926049515,0.7856944444444445,-0.02956848160507053,0.02956848160507053,0.016520574017130467,480,0.06666666666666667,2.8995535714285716
p_S,0.15,oracle,,60,0.7727160060964288,0.7765277777777778,0.003811771681349052,0.003811771681349052,0.012599060077729889,480,0.04583333333333333,3.106986899563319
p_G,0.05,fixed,0.05,60,0.8471225721313624,0.7868055555555555,-0.0603170165758069,0.0603170165758069,0.010451445154975297,480,0.17708333333333334,1.7341772151898733
p_G,0.05,fixed,0.15,60,0.800917033841107,0.7723611111111112,-0.028555922729995853,0.028555922729995853,0.014429117901824341,480,0.12916666666666668,2.1004784688995217
p_G,0.05,fixed,0.25,60,0.771932503410156,0.7731944444444444,0.0012619410342884496,0.0012619410342884496,0.012624057822137873,480,0.04791666666666667,3.076586433260394
p_G,0.05,fixed,0.35,60,0.7474674861255461,0.7701388888888889,0.022671402763342785,0.022671402763342785,0.01084407154762244,480,0.022916666666666665,3.3155650319829424
p_G,0.05,fixed,0.45,60,0.740400807813855,0.7927777777777778,0.052376969963922826,0.052376969963922826,0.010078501845983419,480,0.010416666666666666,4.372631578947368
p_G,0.05,oracle,,60,0.7707512284305276,0.7705555555555555,-0.00019567287497201935,0.00019567287497201935,0.011241484493410569,480,0.06041666666666667,2.909090909090909
p_G,0.1,fixed,0.05,60,0.8466017916482902,0.7868055555555555,-0.059796236092734656,0.059796236092734656,0.011348899362159832,480,0.17708333333333334,1.7848101265822784
p_G,0.1,fixed,0.15,60,0.8044048311825724,0.78,-0.024404831182572417,0.024404831182572417,0.012789630998621144,480,0.13333333333333333,2.1201923076923075
p_G,0.1,fixed,0.25,60,0.7683158360045165,0.7668055555555555,-0.0015102804489609545,0.0015102804489609545,0.013283962333283016,480,0.05416666666666667,3.0814977973568283
p_G,0.1,fixed,0.35,60,0.7478732017982641,0.7691666666666667,0.021293464868402556,0.021293464868402556,0.01063979086627557,480,0.0375,3.311688311688312
p_G,0.1,fixed,0.45,60,0.739970680380771,0.7915277777777778,0.05155709739700687,0.05155709739700687,0.010554654734255622,480,0.014583333333333334,4.378435517970401
p_G,0.1,oracle,,60,0.7668974753830761,0.7616666666666667,-0.005230808716409352,0.005230808716409352,0.010267771882630053,480,0.075,2.858108108108108
p_G,0.15,fixed,0.05,60,0.8475047833673026,0.7941666666666667,-0.05333811670063593,0.05333811670063593,0.013820269772370837,480,0.16458333333333333,1.8029925187032418
p_G,0.15,fixed,0.15,60,0.8044228829801092,0.7858333333333334,-0.018589549646775838,0.018589549646775838,0.012633737834507245,480,0.11458333333333333,2.131764705882353
p_G,0.15,fixed,0.25,60,0.7720706864112226,0.77625,0.0041793135887774335,0.0041793135887774335,0.013272716568171571,480,0.05,3.0789473684210527
p_G,0.15,fixed,0.35,60,0.7557501405404851,0.7840277777777778,0.028277637237292708,0.028277637237292708,0.009514285879898467,480,0.04375,3.3028322440087146
p_G,0.15,fixed,0.45,60,0.7423078222361628,0.7929166666666667,0.05060884443050395,0.05060884443050395,0.011724908395491385,480,0.016666666666666666,4.3559322033898304
p_G,0.15,oracle,,60,0.769028990622961,0.7698611111111111,0.0008321204881500677,0.0008321204881500677,0.010995221225553225,480,0.058333333333333334,2.8473451327433628
